粤文,第名,葡文,類-粵,類-葡,特殊,私家路,地區,位置1,位置2,加筆,,粵文,葡文,方程式（A1爲例）,數
聖母堂前地 ,,Adro de S. Lazaro,前地,Adro,,,澳門,塔石,瘋堂,,,前地,Adro,,1
和諧廣場,,Alameda da Harmonia,廣場,Alameda,,,路環,石排灣,,,,廣場,Alameda,,2
永寧廣場,,Alameda da Tranquilidade,廣場,Alameda,,,澳門,祐漢,馬場,,,大馬路,Avenida,"IF(COUNTIF(A1,""*大馬路*""),"""",IF(COUNTIF(A1,""*大道*""),""大道"",""馬路""))",94
美副將大馬路 ,,Avendia do Coronel Mesquita,大馬路,Avenida,,,澳門,望廈,,,,圍,Azinhaga,,2
勞動節大馬路,,Avenida 1° de Maio,大馬路,Avenida,,,澳門,黑沙環,,named for May Day,,里,Beco,"IFS(COUNTIF(A1,""*圍*""),""圍"",COUNTIF(A1,""*社*""),""社"",COUNTIF(A1,""*巷*""),""巷"",COUNTIF(A1,""*里*""),"""")",113
城市日大馬路,,Avenida 24 de Junho,大馬路,Avenida,,,澳門,皇朝,,named for the date in which Portugal won the Battle of Macau,,斜巷,Calçada,,36
中央大道,,Avenida Central ,大馬路,Avenida,大道,學校,澳大,澳大,,,,路,Caminho,,10
澳門商業大馬路,,Avenida Comercial de Macau,大馬路,Avenida,,,澳門,南灣,,,,徑,Circuito,,7
約翰四世大馬路,,Avenida de D. João IV,大馬路,Avenida,,,澳門,南灣,時代,named for King of Portugal John IV of Portugal,,石級,Escada,"IF(COUNTIF(A1, ""*梯*""), ""梯"", """")",7
友誼大馬路 ,,Avenida da Amizade,大馬路,Avenida,,,澳門,新口岸,皇朝,,,馬路,Estrada,"IFS(COUNTIF(A1,""*大馬路*""),""大馬路"",COUNTIF(A1,""*街*""),""街"",COUNTIF(A1,""*公路*""), ""公路"",COUNTIF(A1,""*馬路*""),"""",COUNTIF(A1,""*路*""),""路"")",52
仁德大馬路,,Avenida da Benevolência,大馬路,Avenida,,,路氹,路氹,,,,土腰,Istmo,,1
新城大馬路,,Avenida da Cidade Nova,大馬路,Avenida,,,路氹,路氹,,,,前地,Largo,,45
博愛大馬路,,Avenida da Fraternidade,大馬路,Avenida,,,路氹,路氹,,,,眺望台,Miradouro,,8
和諧大馬路,,Avenida da Harmonia,大馬路,Avenida,,,路環,石排灣,,,,行人天橋,Passagem Superior,,5
長壽大馬路,,Avenida da Longevidade,大馬路,Avenida,,,澳門,祐漢,馬場,,,圍,Pátio,"IF(COUNTIF(A1, ""*台*""), ""台"", """")",119
體育館大馬路,,Avenida da Nave Desportiva,大馬路,Avenida,,,路氹,路氹,,,,徑,Pista,,14
至善大馬路,,Avenida da Perfeição ,大馬路,Avenida,,學校,澳大,澳大,,,,大橋/碼頭,Ponte,,6
友誼橋大馬路,,Avenida da Ponte da Amizade,大馬路,Avenida,,,澳門,黑沙環,,,,前地,Praça,"IF(COUNTIF(A1, ""*廣場*""), ""廣場"", """")",16
海邊馬路,,Avenida da Praia,大馬路,Avenida,馬路,,氹仔,大潭山,,,,前地,Praceta,"IF(COUNTIF(A1, ""*廣場*""), ""廣場"", """")",11
南灣大馬路,,Avenida da Praia Grande,大馬路,Avenida,,,澳門,南灣,,,,路,Ramal,,1
順榮大馬路,,Avenida da Prosperidade,大馬路,Avenida,,,路氹,路氹,,,,斜坡,Rampa,"IF(COUNTIF(A1, ""*斜路*""), ""斜路"", """")",11
民國馬路,,Avenida da República,大馬路,Avenida,馬路,,路環,路環村,,,,圓形地,Rotunda,,32
民國大馬路,,Avenida da República,大馬路,Avenida,,,澳門,西灣,,,,街,Rua,"IF(COUNTIF(A1, ""*海濱路*""), ""海濱路"", """")",400
居易大道,,Avenida da Residência ,大馬路,Avenida,大道,學校,澳大,澳大,,,,巷,Travessa,,196
強身大馬路,,Avenida da Saúde,大馬路,Avenida,,,澳大,澳大,,,,徑,Trilha,,7
大學大馬路,,Avenida da Universidade,大馬路,Avenida,,,澳大,澳大,,,,隧道,Túnel,,4
凱旋大馬路,,Avenida da Vitória,大馬路,Avenida,,,澳大,澳大,,,,道,,,
明德大馬路,,Avenida das Virtudes,大馬路,Avenida,,,澳大,澳大,,,,梯,,,
亞美打利庇盧大馬路,新馬路,Avenida de Almeida Ribeiro,大馬路,Avenida,,,澳門,新馬路,,,,社,,,
校友大道,,Avenida de Antigos Alunos ,大馬路,Avenida,大道,學校,澳大,澳大,,,,公地,,,
巴波沙大馬路,,Avenida de Artur Tamagnini Barbosa,大馬路,Avenida,,,澳門,關閘,台山,,,台,,,
嘉路士米耶馬路,,Avenida de Carlos da Maia,大馬路,Avenida,馬路,,氹仔,官也街,舊城區,,,公路,,,
十月初五馬路,,Avenida de Cinco de Outubro,大馬路,Avenida,馬路,,路環,路環村,,,,其他,N/A,,7
路氹城大馬路,,Avenida de Cotai,大馬路,Avenida,,,路氹,路氹,,,,Total,,,1207
爹美刁施拿地大馬路,施拿地馬路,Avenida de Demétrio Cinatti,大馬路,Avenida,,,澳門,沙梨頭,十六浦,,,《澳門地名一覽表》ver0.1 by 靈帝（Lingdai）,,,
基馬拉斯大馬路,,Avenida de Guimarães,大馬路,Avenida,,,氹仔,氹仔市中心,中央公園,named for Guimarães,,,,,
高士德大馬路,,Avenida de Horta e Costa,大馬路,Avenida,,,澳門,高士德,,named after José Maria de Sousa Horta e Costa,,非公家資料，定有錯漏，敬請諒解。如有意見或資料，敬請致函zungsaan@gmail.com，或於本人轄下聊天室@jputa（需使Telegram户口）詳談。,,,
業興大馬路,,Avenida de Ip Heng,大馬路,Avenida,,,路環,石排灣,,,,,,,
廣東大馬路,,Avenida de Kwong Tung,大馬路,Avenida,,,氹仔,氹仔市中心,中央公園,,,,,,
樂居大馬路,,Avenida de Lok Koi,大馬路,Avenida,,,路環,石排灣,,,,位置僅為本人愚見，澳門街眾人各有各分。,,,
賈羅布大馬路,,Avenida de Lopo Sarmento de Carvalho,大馬路,Avenida,,,澳門,葡京,,,,,,,
賈梅士大馬路,,Avenida de Luís de Camões,大馬路,Avenida,,,路環,黑沙村,,,,已完成,,,
畢仕達大馬路,,Avenida de Marciano Baptista,大馬路,Avenida,,,澳門,新口岸,漁人碼頭,,,ver0.1,"從Wiki, OSM度蒐集街名，整理分類",,
沙格斯大馬路,,Avenida de Sagres,大馬路,Avenida,,,澳門,皇朝,,,,計劃,,,
士多鳥拜斯大馬路,,Avenida de Sidónio Pais,大馬路,Avenida,,,澳門,塔石,松山,,,ver0.2,標音（粵語）,,
豚城大馬路,,Avenida de Tun Seng,大馬路,Avenida,,,N/A,新城A區,,,,ver0.3,根據街道實際之地理位置詳細分類,,
蝴蝶谷大馬路,,Avenida de Vale das Borboletas,大馬路,Avenida,,,路環,石排灣,,,,ver0.4,收集公家機關施設，教育場所等地名,,
慕拉士大馬路 ,,Avenida de Venceslau de Morais,大馬路,Avenida,,,澳門,望廈,黑沙環,named for Portuguese writer Wenceslau de Moraes,,,,,
機場大馬路,,Avenida do Aeroporto,大馬路,Avenida,,,氹仔,北安,,,,,,,
罅些喇提督大馬路,提督馬路,Avenida do Almirante Lacerda,大馬路,Avenida,,,澳門,高士德,紅街市,,,,,,
高利亞海軍上將大馬路,,Avenida do Almirante Magalhães Correia,大馬路,Avenida,,,澳門,黑沙環,祐漢,,,,,,
北安碼頭大馬路,,Avenida do Cais de Pac On,大馬路,Avenida,,,氹仔,北安,,,,,,,
何賢紳士大馬路,,Avenida do Comendador Ho Yin,大馬路,Avenida,,,澳門,,,,,,,,
青洲大馬路,青洲新路,Avenida do Conselheiro Borja,大馬路,Avenida,,,澳門,青洲/台山,,Governor of Macau Custódio Miguel de Borja,,,,,
肥利喇亞美打大馬路,荷蘭園大馬路 / 荷蘭園正街,Avenida do Conselheiro Ferreira de Almeida,大馬路,Avenida,,,澳門,荷蘭園,,,,,,,
美副將大馬路,,Avenida do Coronel Mesquita,大馬路,Avenida,,,澳門,青洲,台山,,,,,,
繁菊大道,,Avenida do Crisântemo ,大馬路,Avenida,大道,學校,澳大,澳大,,,,,,,
羅理基博士大馬路,,Avenida do Doutor Rodrigo Rodrigues,大馬路,Avenida,,,澳門,新口岸,葡京,,,,,,
馬揸度博士大馬路,,Avenida do Dr. Francisco Vieira Machado,大馬路,Avenida,,,澳門,黑沙灣,,,,,,,
運動場道,,Avenida do Estádio,大馬路,Avenida,馬路,,氹仔,馬會,,,,,,,
白朗古將軍大馬路,,Avenida do General Castelo Branco,大馬路,Avenida,,,澳門,台山,,,,,,,
馬濟時總督大馬路,,Avenida do Governador Jaime Silvério Marques,大馬路,Avenida,,,澳門,皇朝,,named for Governor of Macau Jamie Silvério Marques,,,,,
馬場大馬路,,Avenida do Hipódromo,大馬路,Avenida,,,澳門,祐漢,馬場,,,,,,
離島醫院大馬路,,Avenida do Hospital das Ilhas,大馬路,Avenida,,,路氹,路氹,,,,,,,
殷皇子大馬路,,Avenida do Infante D. Henrique,大馬路,Avenida,,,澳門,殷皇子,,,,,,,
東北大馬路,,Avenida do Nordeste,大馬路,Avenida,,,澳門,黑沙環,,,,,,,
海洋大馬路,,Avenida do Oceano,大馬路,Avenida,,,氹仔,海洋,,,,,,,
雅廉訪大馬路 ,,Avenida do Ouvidor Arriaga,大馬路,Avenida,,,澳門,高士德,幸運閣,,,,,,
工業園大馬路,,Avenida do Parque Industrial,大馬路,Avenida,,,澳門,青洲,,,,,,,
永進大馬路,,Avenida do Progresso,大馬路,Avenida,,,路氹,路氹,,,,,,,
暢運大馬路,,Avenida do Transporte,大馬路,Avenida,,,澳大,澳大,,,,,,,
海洋花園大馬路,,Avenida dos Jardins do Oceano,大馬路,Avenida,,,氹仔,海洋,,,,,,,
東亞運大馬路,,Avenida dos Jogos da Ásia Oriental,大馬路,Avenida,,,路氹,路氹,,,,,,,
霍英東博士大馬路,,Avenida Doutor Henry Fok,大馬路,Avenida,,,氹仔,科大,,,,,,,
馬萬祺博士大馬路,,Avenida Doutor Ma Man Kei,大馬路,Avenida,,,N/A,新城A區,,,,,,,
,,Avenida Doutor Mário Soares,大馬路,Avenida,馬路,,澳門,,,named for former Prime Minister and President of Portugal Mário Soares,,,,,
何鴻燊博士大馬路,,Avenida Doutor Stanley Ho,大馬路,Avenida,,,澳門,南灣,西灣,named for Macau billionaire and casino owner Dr Stanley Ho,,,,,
孫逸仙博士大馬路,,Avenida Dr. Sun Yat Sen,大馬路,Avenida,,,氹仔,氹仔市中心,,named for Chinese revolutionary leader Sun Yat-sen.,,,,,
孫逸仙大馬路,,Avenida Dr. Sun Yat-sen,大馬路,Avenida,,,澳門,新口岸,漁人碼頭,named for Chinese revolutionary leader Sun Yat-sen,,,,,
港珠澳口岸大馬路,,Avenida Fronteiriça de Hong Kong-Zhuhai-Macau,大馬路,Avenida,,,N/A,馬場東大馬路,,,,,,,
勵駿大道,,Avenida Larga da Lenda,大馬路,Avenida,大道,商業,澳門,漁人碼頭,,,,,,,
馬場東大馬路,,Avenida Leste do Hipódromo,大馬路,Avenida,,,澳門,祐漢,馬場,,,,,,
盛蓮大道,,Avenida Lótus ,大馬路,Avenida,大道,學校,澳大,澳大,,,,,,,
林茂海邊大馬路,,Avenida Marginal do Lam Mau,大馬路,Avenida,,,澳門,筷子基,遊艇會,,,,,,
沙梨頭海邊大馬路,,Avenida Marginal do Patane,大馬路,Avenida,,,澳門,筷子基,遊艇會,,,,,,
蓮花海濱大馬路,,Avenida Marginal Flor de Lótus,大馬路,Avenida,,,路氹,路氹,,,,,,,
馬場北大馬路,,Avenida Norte do Hipódromo,大馬路,Avenida,,,澳門,祐漢,馬場,,,,,,
港珠澳邊檢北大馬路,,Avenida Norte Fronteiriça de Hong Kong-Zhuhai-Macau,大馬路,Avenida,,,N/A,大白象,,,,,,,
奧林匹克大馬路,,Avenida Olímpica,大馬路,Avenida,,,氹仔,氹仔市中心,,,,,,,
徐日昇寅公馬路,,Avenida Padre Tomás Pereira,大馬路,Avenida,馬路,,氹仔,北安,,,,,,,
南灣湖景大馬路 ,,Avenida Panorâmica do Lago Nam Van,大馬路,Avenida,,,澳門,南灣,,,,,,,
西灣湖景大馬路,,Avenida Panorâmica do Lago Sai Van,大馬路,Avenida,,,澳門,西灣,,,,,,,
倫斯泰特大馬路,,Avenida Sir Andres Ljungstedt,大馬路,Avenida,,,澳門,皇朝,,named for Swedish merchant Anders Ljungstedt who refuted the Portuguese claim over Macau,,,,,
信安馬路,,Avenida Son On,大馬路,Avenida,馬路,,氹仔,北安,,,,,,,
港珠澳邊檢南大馬路,,Avenida Sul Fronteiriça de Hong Kong-Zhuhai-Macau,大馬路,Avenida,,,N/A,大白象,,,,,,,
偉龍馬路,,Avenida Wai Long,大馬路,Avenida,馬路,,氹仔,北安,,,,,,,
冼星海大馬路,,Avenida Xian Xing Hai,大馬路,Avenida,,,澳門,皇朝,,,,,,,
情人街,,Azinhaga dos Amores,圍,Azinhaga,街,,路環,路環村,,,,,,,
賊仔圍,,Azinhaga dos Piratas,圍,Azinhaga,,,路環,路環村,,,,,,,
聚龍舊社,,Beco Central,里,Beco,社,,澳門,大三巴,關前街,,,,,,
蠔殼里,蠔殼圍,Beco da Adufa,里,Beco,,,澳門,沙梨頭,,,,,,,
銀針里,,Beco da Agulha,里,Beco,,,澳門,白鴿巢,,,,,,,
永樂圍,,Beco da Alegria,里,Beco,圍,,氹仔,北安,,,,,,,
惠愛里,,Beco da Alegria,里,Beco,,,澳門,沙梨頭,,,,,,,
高地里,高地圍,Beco da Alfândega,里,Beco,,,澳門,司打口,,,,,,,
船錨里,船錨巷,Beco da Âncora,里,Beco,,,澳門,媽閣,,,,,,,
阿宋生里,,Beco da Assunção,里,Beco,,,澳門,下環,,,,,,,
海灣圍,,Beco da Baía,里,Beco,圍,,氹仔,北安,,,,,,,
永樂里,,Beco da Balsa,里,Beco,,,澳門,大三巴,關前街,,,,,,
媽閣里,,Beco da Barra,里,Beco,,,澳門,媽閣,,,,,,,
高園里,高園圍,Beco da Cacatua,里,Beco,,,澳門,白鴿巢,,,,,,,
天通里,天通圍,Beco da Cadeia,里,Beco,,,澳門,新馬路,,,,,,,
白灰里,白灰圍,Beco da Cal,里,Beco,,,澳門,三盞燈,,,,,,,
生蔗里,,Beco da Cana,里,Beco,,,澳門,望廈,,,,,,,
港務局里,,Beco da Capitania dos Portos,里,Beco,,,澳門,媽閣,,,,,,,
祿號里,祿號圍,Beco da Carapinha,里,Beco,,,澳門,沙梨頭,,,,,,,
連丁里,連丁圍,Beco da Carpideira,里,Beco,,,澳門,水坑尾,天神巷,,,,,,
海蛤里,,Beco da Concha,里,Beco,,,澳門,白鴿巢,,,,,,,
青草里,青草圍,Beco da Erva,里,Beco,,,澳門,新橋,,,,,,,
刀里,昇發圍,Beco da Faca,里,Beco,,,澳門,大三巴,,,,,,,
蟻圍,,Beco da Formiga,里,Beco,圍,,氹仔,官也街,,,,,,,
青洲里,,Beco da Ilha Verde,里,Beco,,,澳門,青洲,,,,,,,
石版里,,Beco da Lage,里,Beco,,,澳門,白鴿巢,,,,,,,
耕里,耕圍,Beco da Lavra,里,Beco,,,澳門,白鴿巢,,,,,,,
錦葵里,倒裝一圍,Beco da Malva,里,Beco,,,澳門,沙梨頭,,,,,,,
西瓜里,果欄橫街,Beco da Melancia,里,Beco,,,澳門,大三巴,果欄街,,,,,,
蠔里,果欄尾,Beco da Ostra,里,Beco,,,澳門,大三巴,果欄街,,,,,,
乾草里,賣草地圍,Beco da Palha,里,Beco,,,澳門,大三巴,賣草地,,,,,,
石里 ,石字巷,Beco da Pedra,里,Beco,,,澳門,媽閣,,,,,,,
珍珠圍,,Beco da Pérola,里,Beco,圍,,氹仔,大潭山,,,,,,,
南灣里,,Beco da Praia Grande,里,Beco,,,澳門,南灣,,,,,,,
銀和里,,Beco da Prata,里,Beco,,,澳門,沙梨頭,,,,,,,
魚網里,萬里圍,Beco da Rede,里,Beco,,,澳門,下環,,,,,,,
德香里,,Beco da Romã,里,Beco,,,澳門,大三巴,板樟堂,,,,,,
玫瑰巷,,Beco da Rosa,里,Beco,巷,,路環,路環村,,,,,,,
玫瑰里,聚龍通津/騎樓街,Beco da Rosa,里,Beco,,,澳門,大三巴,果欄街,,,,,,
瑰花里,,Beco da Roseira,里,Beco,,,澳門,白鴿巢,,,,,,,
大堂里,,Beco da Sé,里,Beco,,,澳門,新馬路,,,,,,,
幸運圍,,Beco da Sorte,里,Beco,圍,,氹仔,北安,,,,,,,
橫樑里,橫圍,Beco da Trave,里,Beco,,,澳門,沙梨頭,,,,,,,
鍾家里,鍾家圍,Beco das Caixas,里,Beco,,,澳門,新馬路,,,,,,,
史山新里,,Beco das Chagas,里,Beco,,,澳門,大三巴,,,,,,,
花朵圍,,Beco das Flores,里,Beco,圍,,氹仔,官也街,,,,,,,
福隆里,,Beco das Galinhas,里,Beco,,,澳門,新馬路,,,,,,,
鳩里,,Beco das Rolas,里,Beco,,,澳門,白鴿巢,,,,,,,
哪咤廟里,,Beco das Verdades,里,Beco,,,澳門,大三巴,白馬行,,,,,,
亞美打利庇盧里,亞美打利庇盧圍,Beco de Almeida Ribeiro,里,Beco,,,澳門,新馬路,,,,,,,
連勝圍,,Beco de Coelho do Amaral,里,Beco,圍,,澳門,高士德,幸運閣,,,,,,
余敦善堂里,余敦善堂私家圍,Beco de Hu Ton Sin Tong,里,Beco,,,澳門,水坑尾,白馬行,,,,,,
荷花圍,,Beco de Lótus,里,Beco,圍,,路環,黑沙村,,,,,,,
九澳聖母里,,Beco de Nossa Senhora de Ká Hó,里,Beco,,,路環,聖母村,,,,,,,
聖方濟各里,玻璃樽圍,Beco de S. Francisco,里,Beco,,,澳門,水坑尾,天神巷,,,,,,
聖祿杞里,,Beco de S. Roque,里,Beco,,,澳門,下環,,,,,,,
道咩卑利士里,,Beco de Tomé Pires,里,Beco,,,澳門,高士德,新橋,,,,,,
賈伯樂提督里,,Beco do Almirante Costa Cabral,里,Beco,,,澳門,塔石,,,,,,,
趙家里,趙家圍,Beco do Atai,里,Beco,,,澳門,大三巴,草堆街,,,,,,
竹里,竹圍／海田圍,Beco do Bambu,里,Beco,,,澳門,白鴿巢,,,,,,,
山水園圍,,Beco do Bom Jesus,里,Beco,圍,,澳門,南灣,,,,,,,
鈕里,,Beco do Botão,里,Beco,,,澳門,望廈,幸運閣,,,,,,
田畔里,,Beco do Campo,里,Beco,,,路環,路環村,,,,,,,
太平里,太平圍,Beco do Canto,里,Beco,,,澳門,大三巴,草堆街,,,,,,
田螺里,,Beco do Caracol,里,Beco,,,澳門,望廈,幸運閣,,,,,,
馬里,,Beco do Cavalo,里,Beco,,,澳門,新橋,,,,,,,
鹽埠里,鹽埠圍/椰子巷,Beco do Cego,里,Beco,,,澳門,大三巴,草堆街,,,,,,
陳家里,陳家圍,Beco do Chá,里,Beco,,,澳門,大三巴,草堆街,,,,,,
新維里,,Beco do Cisne,里,Beco,,,澳門,南灣,,,,,,,
珊瑚里,,Beco do Coral,里,Beco,,,澳門,沙梨頭,,,,,,,
美上校里,,Beco do Coronel Mesquita,里,Beco,,,澳門,,,,,,,,
蔡記里,,Beco do Craveiro,里,Beco,,,,,,,,,,,
體育里,,Beco do Desporto,里,Beco,,,氹仔,,,,,,,,
,,Beco do Ferreiro,里,Beco,#N/A,,氹仔,,,,,,,,
樽頸圍,,Beco do Funil,里,Beco,圍,,路環,,,,,,,,
夜呣里,深巷仔,Beco do Gamboa,里,Beco,,,,,,,,,,,
鵝里,連安圍前巷,Beco do Ganso,里,Beco,,,,,,,,,,,
江沙路里,三角亭圍,Beco do Gonçalo,里,Beco,,,,,,,,,,,
花園圍,,Beco do Jardim,里,Beco,圍,,路環,,,,,,,,
黎地里,,Beco do Leite,里,Beco,,,,,,,,,,,
媽閣第二巷,水手里,Beco do Marinheiro,里,Beco,巷,,澳門,,,,,,,,
水手里,媽閣第二巷,Beco do Marinheiro,里,Beco,,,,,,,,,,,
桔仔里,桔仔圍,Beco do Matapau,里,Beco,,,,,,,,,,,
豆醬里,豆醬圍,Beco do Missó,里,Beco,,,,,,,,,,,
蓬萊里,,Beco do Mistério,里,Beco,,,,,,,,,,,
雅廉訪里,,Beco do Ouvidor Arriaga,里,Beco,,,澳門,,,,,,,,
土地廟里,,Beco do Pagode do Patane,里,Beco,,,澳門,,,,,,,,
平線里,平線圍,Beco do Paralelo,里,Beco,,,,,,,,,,,
鮮魚里,,Beco do Peixe,里,Beco,,,,,,,,,,,
鹹魚里,鹹魚圍,Beco do Peixe Salgado,里,Beco,,,澳門,,,,,,,,
雞毛圍,,Beco do Penacho,里,Beco,圍,,氹仔,,,,,,,,
水井圍,,Beco do Poço,里,Beco,圍,,路環,,,,,,,,
豬里,史山豬圍,Beco do Porco,里,Beco,,,,,,,,,,,
教師里,林家一圍,Beco do Professor,里,Beco,,,,,,,,,,,
鹽里,爛花園,Beco do Sal,里,Beco,,,,,,,,,,,
鞋里,儒履圍,Beco do Sapato,里,Beco,,,,,,,,,,,
三巴仔里,,Beco do Seminario,里,Beco,,,,,,,,,,,
煙草里 ,煙字巷,Beco do Tabaco,里,Beco,,,,,,,,,,,
沙欄仔里,沙欄仔橫街,Beco do Tarrafeiro,里,Beco,,,澳門,,,,,,,,
染師里,營地一圍,Beco do Tintureiro,里,Beco,,,,,,,,,,,
樂上里,,Beco do Violeiro,里,Beco,,,,,,,,,,,
天神里,打鐵圍,Beco dos Anjos,里,Beco,,,,,,,,,,,
魚釣里,,Beco dos Anzóis,里,Beco,,,,,,,,,,,
炮兵里,,Beco dos Artilheiros,里,Beco,,,,,,,,,,,
馬子里 ,馬子圍,Beco dos Cavaleiros,里,Beco,,,,,,,,,,,
工匠里,沙欄仔圍,Beco dos Colonos,里,Beco,,,澳門,,,,,,,,
手肘里,左堂欄尾,Beco dos Cotovelos,里,Beco,,,,,,,,,,,
快艇頭里,,Beco dos Faitiões,里,Beco,,,,,,,,,,,
鐵匠里,鐵匠圍,Beco dos Ferreiros,里,Beco,,,,,,,,,,,
眼鏡里,倒裝二圍,Beco dos Óculos,里,Beco,,,澳門,沙梨頭,,,,,,,
雀里,,Beco dos Passaros,里,Beco,,,,,,,,,,,
染布里,,Beco dos Tingidores,里,Beco,,,,,,,,,,,
桂和里,,Beco dos Vendilhões,里,Beco,,,,,,,,,,,
東慶里,,Beco Escuro,里,Beco,,,澳門,,,,,,,,
瘋堂里,,Beco de S. Lázaro,里,Beco,,,澳門,塔石,,,,,,,
瘋堂中斜巷,,Calçada Central de S. Lázaro,斜巷,Calçada,,,澳門,塔石,,,,,,,
媽閣斜巷,萬里長城,Calçada da Barra,斜巷,Calçada,,,澳門,媽閣,,,,,,,
樂建斜巷,,Calçada da Feitoria,斜巷,Calçada,,,澳門,司打口,,,,,,,
瘋堂斜巷,,Calçada da Igreja de S. Lázaro,斜巷,Calçada,,,澳門,塔石,,,,,,,
和平斜巷,高樓下巷,Calçada da Paz,斜巷,Calçada,,,澳門,,,,,,,,
衣灣斜巷,,Calçada da Praia,斜巷,Calçada,,,,,,,,,,,
史山斜巷,,Calçada da Rocha,斜巷,Calçada,,,澳門,,,,,,,,
愕斜巷,,Calçada da Surpresa,斜巷,Calçada,,,澳門,山頂,,,,,,,
得勝斜路,,Calçada da Vitória,斜巷,Calçada,,,澳門,塔石,,,,,,,
竹仔室斜巷,,Calçada das Chácaras,斜巷,Calçada,,,澳門,,,,,,,,
沙梨頭斜巷,,Calçada das Sortes,斜巷,Calçada,,,澳門,,,,,,,,
哪咤廟斜巷,,Calçada das Verdades,斜巷,Calçada,,,澳門,大三巴,,,,,,,
水手斜巷,,Calcada de Eugenio Goncalves,斜巷,Calçada,,,,,,,,,,,
三層樓斜巷,,Calcada de Francisco Antonio,斜巷,Calçada,,,,,,,,,,,
聖方濟各斜巷,大三巴斜巷,Calçada de S. Francisco Xavier,斜巷,Calçada,,,澳門,大三巴,,,,,,,
大堂斜巷,,Calçada de S. João,斜巷,Calçada,,,澳門,,,,,,,,
大三巴斜巷,,Calçada de S. Paulo,斜巷,Calçada,,,澳門,大三巴,,,,,,,
,,Calçada de Santo Agostinho,斜巷,Calçada,,,澳門,,,,,,,,
大關斜巷,,Calçada do Amparo,斜巷,Calçada,,,澳門,,,,,,,,
高樓斜巷,高樓上巷,Calçada do Bom Jesus,斜巷,Calçada,,,澳門,,,,,,,,
灰爐斜巷,,Calçada do Bom Parto,斜巷,Calçada,,,,,,,,,,,
花王堂斜巷 ,沙欄仔斜路,Calçada do Botelho,斜巷,Calçada,,,,,,,,,,,
嘉模斜巷,,Calçada do Carmo,斜巷,Calçada,,,氹仔,氹仔市中心,,,,,,,
長樓斜巷,,Calçada do Embaixador,斜巷,Calçada,,,,,,,,,,,
東望洋斜巷,,Calçada do Gaio,斜巷,Calçada,,,,,,,,,,,
牡雞斜巷,,Calçada do Galo,斜巷,Calçada,,,澳門,沙梨頭,,,,,,,
打鐵斜巷,,Calçada do Januário,斜巷,Calçada,,,,,,,,,,,
亞婆井斜巷,,Calçada do Lilau,斜巷,Calçada,,,澳門,,,,,,,,
大炮台斜巷,,Calçada do Monte,斜巷,Calçada,,,澳門,,,,,,,,
,,Calçada do Poço,斜巷,Calçada,,,澳門,,,,,,,,
兵房斜巷,,Calçada do Quartel,斜巷,Calçada,,,,,,,,,,,
,,Calçada do Teatro,斜巷,Calçada,,,澳門,,,named for Dom Pedro V Theatre,,,,,
,,Calçada do Tronco Velho,斜巷,Calçada,,,澳門,,,,,,,,
若憲斜巷,,Calçada do Visconde de S. Januário,斜巷,Calçada,,,澳門,,,,,,,,
兵營斜巷,兵營斜路,Calçada dos Quartéis,斜巷,Calçada,,,,,,,,,,,
三巴仔斜巷,,Calçada dos Remédios,斜巷,Calçada,,,澳門,,,,,,,,
路環石面盆古道,,Caminho Antigo de Seac Min Pun de Coloane,路,Caminho,道,,,,,,,,,,
打纜路,,Caminho da Cordoaria,路,Caminho,,,,,,,,,,,
卓家村路,,Caminho da Povoação de Cheok Ká,路,Caminho,,,氹仔,卓家,,,,,,,
九澳村路,,Caminho da Povoação de Ká Hó,路,Caminho,,,路環,九澳,,,,,,,
衛星路,,Caminho da Telesat,路,Caminho,,,,,,,,,,,
濾水站路,,Caminho das Águas,路,Caminho,,,路環,,,,,,,,
菜園路,,Caminho das Hortas,路,Caminho,,,氹仔,,,,,,,,
登峰路,,Caminho de Tan Fong,路,Caminho,,,路環,,,,,,,,
衛星路,,Caminho de Telesat,路,Caminho,,,路環,,,,,,,,
黑沙兵房路,,Caminho do Quartel de Hac Sá,路,Caminho,,,路環,,,,,,,,
黑沙水庫家樂徑,,Circuito da Barragem de Hac Sá,徑,Circuito,,,,,,,,,,,
九澳水庫環湖徑,,Circuito da Barragem de Ká Hó,徑,Circuito,,,,,,,,,,,
相思林徑,,Circuito das Acácias,徑,Circuito,,,,,,,,,,,
黑沙水庫健康徑,,Circuito de Manutenção da Barragem de Hác-Sá,徑,Circuito,,,,,,,,,,,
松山健康徑,,Circuito de Manutenção da Colina da Guia,徑,Circuito,,,,,,,,,,,
高爾夫球徑,,Circuito do Golfe,徑,Circuito,,,,,,,,,,,
踏板健身徑,,Circuito para a Manutenção Física,徑,Circuito,,,,,,,,,,,
灰爐石級,,Escada da Árvore,石級,Escada,,,澳門,,,,,,,,
田螺石級,,Escada do Caracol,石級,Escada,,,澳門,,,,,,,,
跛腳梯,,Escada do Coxo,石級,Escada,梯,,氹仔,,,,,,,,
小山石級,,Escada do Muro,石級,Escada,,,澳門,,,,,,,,
沙梨頭石級,,Escada do Papel,石級,Escada,,,澳門,,,,,,,,
太和石級,,Escada Quebra-Costas,石級,Escada,,,澳門,,,,,,,,
日暉石級,,Escadaria de Iat Fai,石級,Escada,,,氹仔,,,,,,,,
高勵雅馬路,,Estrada Almirante Magalhães Correia,馬路,Estrada,,,氹仔,,,,,,,,
史伯泰海軍將軍馬路,,Estrada Almirante Marques Esparteiro,馬路,Estrada,,,氹仔,,,,,,,,
港珠澳口岸環形馬路,,Estrada Circular Fronteiriça de Hong Kong-Zhuhai-Macau,馬路,Estrada,,,N/A,大白象,,,,,,,
美副將馬路,,Estrada Coronel Nicolau de Mesquita,馬路,Estrada,,,氹仔,,,,,,,,
鄉村馬路,,Estrada da Aldeia,馬路,Estrada,,,路環,,,,,,,,
黑沙環馬路,,Estrada da Areia Preta,馬路,Estrada,,,澳門,,,Areia Preta translates as Black sand,,,,,
望德聖母灣大馬路,,Estrada da Baía de Nossa Senhora da Esperança,馬路,Estrada,大馬路,,氹仔,,,,,,,,
九澳堤壩馬路,,Estrada da Barragem de Ká Hó,馬路,Estrada,,,路環,,,,,,,,
新雅馬路,,Estrada da Bela Vista,馬路,Estrada,,,,,,,,,,,
西望洋馬路,,Estrada da Penha,馬路,Estrada,,,澳門,,,Penha translates as cliff or rocky hill,,,,,
雞頸馬路,,Estrada da Ponta da Cabrita,馬路,Estrada,,,氹仔,,,,,,,,
北安碼頭馬路,,Estrada da Ponte de Pac On,馬路,Estrada,,,氹仔,,,,,,,,
得勝馬路,,Estrada da Vitória,馬路,Estrada,,,澳門,,,,,,,,
海邊馬路,劏狗環,Estrada de Cacilhas,馬路,Estrada,,,,,,,,,,,
竹灣馬路,,Estrada de Cheoc Van,馬路,Estrada,,,路環,竹灣,,,,,,,
馬交石炮台馬路,,Estrada de D. Maria II,馬路,Estrada,,,,,,,,,,,
亞馬喇馬路,,Estrada de Ferreira do Amaral,馬路,Estrada,,,,,,,,,,,
黑沙馬路,,Estrada de Hac Sá,馬路,Estrada,,,路環,黑沙村,,named for local Hac Sa Bay,,,,,
荔枝碗馬路,,Estrada de Lai Chi Vun,馬路,Estrada,,,路環,荔枝碗村,,,,,,,
九澳聖母馬路,,Estrada de Nossa Senhora de Ká Hó,馬路,Estrada,,,路環,聖母村,,,,,,,
北安大馬路,,Estrada de Pac On,馬路,Estrada,大馬路,,氹仔,北安,,,,,,,
加思欄馬路,,Estrada de S. Francisco,馬路,Estrada,,,澳門,山頂,,,,,,,
聖珊澤馬路西望洋馬路,,Estrada de Santa Sancha,馬路,Estrada,,,,,,,,,,,
加思欄馬路,,Estrada de São Francisco,馬路,Estrada,,,,,,,,,,,
石排灣馬路,,Estrada de Seac Pai Van,馬路,Estrada,,,路環,石排灣,,Street and nearby park on Coloane named after Seac Pai Van,,,,,
七潭公路,,Estrada de Sete Tanques,馬路,Estrada,公路,,,,,,,,,,
九澳高頂馬路,,Estrada do Altinho de Ká Hó,馬路,Estrada,,,路環,九澳,,named for village of Ká-Hó,,,,,
路環高頂馬路,,Estrada do Alto de Coloane,馬路,Estrada,,,路環,媽祖,,,,,,,
田畔街,,Estrada do Campo,馬路,Estrada,街,,路環,路環村,,,,,,,
鴨涌馬路,,Estrada do Canal dos Patos,馬路,Estrada,,,澳門,青洲,,,,,,,
西墳馬路,,Estrada do Cemitério,馬路,Estrada,,,,,,,,,,,
西堤馬路,,Estrada do Dique Oeste,馬路,Estrada,,,,,,,,,,,
地厘古工程師馬路,松山馬路,Estrada do Engenheiro Trigo,馬路,Estrada,,,澳門,松山,,,,,,,
路氹連貫公路,,Estrada do Istmo,馬路,Estrada,公路,,路氹,,,,,,,,
若憲馬路,,Estrada do Visconde de S. Januário,馬路,Estrada,,,澳門,,,,,,,,
,,Estrada Dona Maria II,馬路,Estrada,#N/A,,澳門,,,"named for Maria II of Portugal, Queen regnant",,,,,
騎士馬路,,Estrada dos Cavaleiros,馬路,Estrada,,,,,,,,,,,
白頭馬路,,Estrada dos Parses,馬路,Estrada,,,,,,,,,,,
,,Estrada dos Sete Tanques,馬路,Estrada,#N/A,,氹仔,,,,,,,,
蓮花路,,Estrada Flor de Lótus,馬路,Estrada,路,,氹仔,,,the lotus is the floral emblem of Macau,,,,,
柯維納馬路,,Estrada Governador Albano de Oliveira,馬路,Estrada,,,氹仔,馬會,,,,,,,
嘉樂庇總督馬路,,Estrada Governador Nobre de Carvalho,馬路,Estrada,,,氹仔,,,named for Governor of Macau José Manuel de Sousa e Faria Nobre de Carvalho 1966 to 1974,,,,,
盧廉若馬路,,Estrada Lou Lim Ieok,馬路,Estrada,,,氹仔,,,named for Chinese born Macau merchant Lou Lim Ieok,,,,,
黑沙環海邊馬路,,Estrada Marginal da Areia Preta,馬路,Estrada,,,澳門,黑沙環,,Marginal da Areia Preta translates as Seafront Black sand,,,,,
青洲河邊馬路,,Estrada Marginal da Ilha Verde,馬路,Estrada,,,澳門,青洲,,,,,,,
馬場海邊馬路,,Estrada Marginal do Hipódromo,馬路,Estrada,,,,,,,,,,,
陸軍路,,Estrada Militar,馬路,Estrada,路,,路環,,,,,,,,
氹仔東北馬路,,Estrada Nordeste da Taipa,馬路,Estrada,,,氹仔,,,,,,,,
加思欄後新馬路,,Estrada Nova,馬路,Estrada,,,,,,,,,,,
青洲新馬路,,Estrada Nova da Ilha Verde,馬路,Estrada,,,澳門,青洲,,,,,,,
新黑沙馬路,,Estrada Nova de Hac Sá,馬路,Estrada,,,路環,,,,,,,,
司徒澤雄神父馬路,,Estrada Padre Estevão Eusébio Situ,馬路,Estrada,,,氹仔,,,,,,,,
亞馬喇土腰,關閘馬路,Istmo de Ferreira do Amaral,土腰,Istmo,,,,,,,,,,,
媽閣廟前地 ,,Largo do Pagode da Barra,前地,Largo,#N/A,,澳門,,,,,,,,
,,Largo Camões,前地,Largo,,,氹仔,,,,,,,,
,,Largo da Baía,前地,Largo,,,氹仔,,,,,,,,
老人院前地,花王堂高園,Largo da Companhia,前地,Largo,,,澳門,,,,,,,,
耶穌會紀念廣場,,Largo da Companhia de Jesus,前地,Largo,廣場,,路環,路環村,,,,,,,
打纜前地,打纜地,Largo da Cordoaria,前地,Largo,,,路環,,,,,,,,
水泉公地,,Largo da Fonte,前地,Largo,公地,,路環,路環村,,,,,,,
橋樑前地,,Largo da Ponte,前地,Largo,,,氹仔,,,,,,,,
大堂前地,,Largo da Sé,前地,Largo,,,澳門,,,,,,,,
大堂前地,,Largo da Sé,前地,Largo,,,,,,,,,,,
大堂前地,,Largo da Sé,前地,Largo,,,,,,,,,,,
金龍前地,,Largo da Surdez,前地,Largo,,,澳門,,,,,,,,
金龍前地,,Largo da Surdez,前地,Largo,,,,,,,,,,,
觀光塔前地,,Largo da Torre de Macau,前地,Largo,,,澳門,,,,,,,,
觀光塔前地,,Largo da Torre de Macau,前地,Largo,,,,,,,,,,,
東望洋發射塔前地,,Largo da Torre de Transmissão da Guia,前地,Largo,,,澳門,,,,,,,,
東望洋發射塔前地,,Largo da Torre de Transmissão da Guia,前地,Largo,,,,,,,,,,,
木板前地,板樟空地,Largo das Tábuas,前地,Largo,,,澳門,,,,,,,,
蒙地卡羅前地,,Largo de Monte Carlo,前地,Largo,,,澳門,,,,,,,,
北安前地,,Largo de Pac On,前地,Largo,,,氹仔,,,,,,,,
板樟堂前地 ,,Largo de S. Domingos,前地,Largo,,,澳門,,,,,,,,
岡頂前地,,Largo de Santo Agostinho,前地,Largo,,,澳門,,,,,,,,
花王堂前地,,Largo de Santo António,前地,Largo,,,澳門,,,,,,,,
亞堅奴前地,,Largo do Aquino,前地,Largo,,,澳門,,,,,,,,
市亭前地,,Largo do Bazar,前地,Largo,,,路環,,,,,,,,
計單奴前地,,Largo do Caetano,前地,Largo,,,路環,,,,,,,,
碼頭前地,,Largo do Cais,前地,Largo,,,路環,,,,,,,,
嘉模前地,,Largo do Carmo,前地,Largo,,,氹仔,,,,,,,,
船鋪前地,,Largo do Estaleiro,前地,Largo,,,路環,,,,,,,,
亞婆井前地 ,,Largo do Lilau,前地,Largo,,,澳門,,,,,,,,
屠場前地,,Largo do Matadouro,前地,Largo,,,路環,,,,,,,,
公局市前地,,Largo do Mercado Municipal,前地,Largo,,,澳門,,,,,,,,
康公廟前地,,Largo do Pagode do Bazar,前地,Largo,,,澳門,草堆街,,,,,,,
土地廟前地,醮場地,Largo do Pagode do Patane,前地,Largo,,,澳門,,,,,,,,
鮑公廟前地,,Largo do Pao Cong,前地,Largo,,,澳門,,,,,,,,
恩尼斯總統前地,,Largo do Presidente António Ramalho Eanes,前地,Largo,,,路環,,,,,,,,
,,Largo do S. Domingos,前地,Largo,,,澳門,,,,,,,,
議事亭前地,噴水池,Largo do Senado,前地,Largo,,,澳門,新馬路,,,,,,,
海港前地,,Largo do Terminal Maritimo,前地,Largo,,,澳門,,,,,,,,
消防局前地,,Largo dos Bombeiros,前地,Largo,,,氹仔,官也街,,,,,,,
巴波沙總督前地,,Largo Governador Tamagnini Barbosa,前地,Largo,,,,,,,,,,,
米也馬嘉禮前地,,Largo Maia de Magalhães,前地,Largo,,,氹仔,官也街,,,,,,,
山治美蘭打前地,,Largo Sanches Miranda,前地,Largo,,,,,,,,,,,
譚公廟前地,,Largo Tam Kong Miu,前地,Largo,,,路環,路環村,,,,,,,
天后廟前地,,Largo Tin Hau Miu,前地,Largo,,,路環,路環村,,,,,,,
主教山眺望台 ,,Miradouro da Penha,眺望台,Miradouro,,,澳門,,,,,,,,
瑪利二世皇后眺望台 ,,Miradouro de D. Maria II,眺望台,Miradouro,,,澳門,,,,,,,,
杜南眺望台 ,,Miradouro de Henry Dunant,眺望台,Miradouro,,,澳門,,,named for Red Cross co-founder Henry Dunant. There is a bust of him at the viewing point.,,,,,
東望洋眺望台 ,,Miradouro de Nossa Senhora da Guia,眺望台,Miradouro,,,澳門,,,,,,,,
西望洋聖母眺望台,,Miradouro de Nossa Senhora da Penha,眺望台,Miradouro,,,澳門,,,,,,,,
保健聖母眺望台 ,,Miradouro de Nossa Senhora da Saúde,眺望台,Miradouro,,,澳門,,,,,,,,
海之聖母眺望台 ,,Miradouro de Nossa Senhora do Mar,眺望台,Miradouro,,,澳門,,,,,,,,
西望洋眺望台 ,,Miradouro de Santa Sancha,眺望台,Miradouro,,,澳門,,,,,,,,
高勵雅馬路行人天橋,,Passagem Superior na Estrada Almirante Magalhães Correia,行人天橋,Passagem Superior,,,,,,,,,,,
蘇亞利斯博士大馬路行人天橋,,Passagem Superior para Peões da Avenida Doutor Mário Soares,行人天橋,Passagem Superior,,,,,,,,,,,
魚鰓巷行人天橋,,Passagem superior para peões da Travessa da Guelra,行人天橋,Passagem Superior,,,,,,,,,,,
九澳聖母馬路行人天橋,,Passagem superior para peões na Estrada de Nossa Senhora de Ká Hó,行人天橋,Passagem Superior,,,,,,,,,,,
路氹連貫公路圓形地行人天橋,,Passagem Superior Pedonal na Rotunda do Istmo,行人天橋,Passagem Superior,,,,,,,,,,,
卜圍,,Pátio da Adivinhação,圍,Pátio,,,澳門,,,,,,,,
順成圍,順成里,Pátio da Águia,圍,Pátio,,,,,,,,,,,
銀針圍,,Pátio da Agulha,圍,Pátio,,,,,,,,,,,
葉家圍,,Pátio da Ameaça,圍,Pátio,,,,,,,,,,,
阿宋生圍,,Pátio da Assunção,圍,Pátio,,,,,,,,,,,
渡船台,,Pátio da Barca,圍,Pátio,台,,,,,,,,,,
媽閣台,,Pátio da Barra,圍,Pátio,台,,澳門,,,,,,,,
銅鑼圍,居仁里,Pátio da Bátega,圍,Pátio,,,,,,,,,,,
沙井地圍,,Pátio da Boa Morte,圍,Pátio,,,,,,,,,,,
竹室圍,,Pátio da Boa Vista,圍,Pátio,,,澳門,,,,,,,,
草地圍,,Pátio da Cabaia,圍,Pátio,,,,,,,,,,,
三巴仔圍,,Pátio da Cadeira,圍,Pátio,,,澳門,,,,,,,,
永安圍,,Pátio da Canja,圍,Pátio,,,,,,,,,,,
社福圍,社福里/吉祥里,Pátio da Capoeira,圍,Pátio,,,,,,,,,,,
下環圍,,Pátio da Casa Forte,圍,Pátio,,,澳門,,,,,,,,
和樂圍,,Pátio da Concórdia,圍,Pátio,,,,,,,,,,,
打纜圍,,Pátio da Cordoaria,圍,Pátio,,,,,,,,,,,
暗圍,,Pátio da Dissimulação,圍,Pátio,,,,,,,,,,,
菖蒲圍,慶樂里,Pátio da Espadana,圍,Pátio,,,,,,,,,,,
草蓆圍,蓆里,Pátio da Esteira,圍,Pátio,,,,,,,,,,,
永福圍,永慶里,Pátio da Eterna Felicidade,圍,Pátio,,,,,,,,,,,
福隆圍,清和里/虱乸街,Pátio da Felicidade,圍,Pátio,,,,,,,,,,,
幸運圍,福華里,Pátio da Fortuna,圍,Pátio,,,,,,,,,,,
裝罅圍,,Pátio da Greta,圍,Pátio,,,路環,路環村,,,,,,,
東望洋圍,,Pátio da Guia,圍,Pátio,,,,,,,,,,,
常春滕圍,永樂里,Pátio da Hera,圍,Pátio,,,,,,,,,,,
菜園圍,木字里,Patio da Horta,圍,Pátio,,,,,,,,,,,
幻覺圍,高樓里,Pátio da Ilusão,圍,Pátio,,,,,,,,,,,
龍安圍,,Pátio da Lenha,圍,Pátio,,,,,,,,,,,
乾草圍,賣草地里,Pátio da Palha,圍,Pátio,,,,,,,,,,,
木瓜圍,,Patio da Papaia,圍,Pátio,,,,,,,,,,,
蕉園圍,,Pátio da Pedra,圍,Pátio,,,,,,,,,,,
西望洋圍,三間里,Pátio da Penha,圍,Pátio,,,,,,,,,,,
金雞納圍,,Pátio da Quina,圍,Pátio,,,,,,,,,,,
仁慕圍,,Pátio da Saudade,圍,Pátio,,,,,,,,,,,
大堂圍,,Pátio da Sé,圍,Pátio,,,澳門,,,,,,,,
果欄圍,,Pátio da Tercena,圍,Pátio,,,,,,,,,,,
柚圍,柚果里,Pátio da Toranja,圍,Pátio,,,,,,,,,,,
扊扅圍,,Pátio da Tranca,圍,Pátio,,,,,,,,,,,
山蔴雀圍,人和里,Pátio das Calhandras,圍,Pátio,,,澳門,,,,,,,,
內裡圍,,Pátio das Escondidas,圍,Pátio,,,,,,,,,,,
轉角圍,大鵬橫巷,Pátio das Esquinas,圍,Pátio,,,,,,,,,,,
花草圍,,Pátio das Flores,圍,Pátio,,,路環,路環村,,,,,,,
龍眼圍,,Pátio das Flores,圍,Pátio,,,澳門,新馬路,,,,,,,
沙鵻圍,,Pátio das Narcejas,圍,Pátio,,,,,,,,,,,
棕櫚葉圍,敦善里),Pátio das Palmas,圍,Pátio,,,,,,,,,,,
千日紅圍,千日紅里,Pátio das Perpétuas,圍,Pátio,,,澳門,,,,,,,,
六屋圍,福六里,Pátio das Seis Casas,圍,Pátio,,,,,,,,,,,
哪咤圍,,Pátio das Verdades,圍,Pátio,,,,,,,,,,,
羅利老台,,Pátio de Adolfo Loureiro,圍,Pátio,台,,,,,,,,,,
亞豐素雅布基圍,亞豐素圍,Pátio de Afonso de Albuquerque,圍,Pátio,,,,,,,,,,,
何林圍,何林里,Pátio de Além-Bosque,圍,Pátio,,,,,,,,,,,
陳樂圍 ,陳樂里,Patio de Chan Loc,圍,Pátio,,,,,,,,,,,
俊秀圍,俊秀里,Pátio de Chôn Sau,圍,Pátio,,,,,,,,,,,
連勝台,,Pátio de Coelho do Amaral,圍,Pátio,台,,,,,,,,,,
飛能便度圍,,Pátio de Fernão Mendes Pinto,圍,Pátio,,,,,,,,,,,
養樂圍,,Pátio de Iong Loc,圍,Pátio,,,,,,,,,,,
板樟堂圍,,Pátio de S. Domingos,圍,Pátio,,,澳門,,,,,,,,
板樟堂圍,,Pátio de S. Domingos,圍,Pátio,,,,,,,,,,,
聖尼各老圍,仁厚里,Pátio de S. Nicolau,圍,Pátio,,,,,,,,,,,
大三巴圍,,Pátio de S. Paulo,圍,Pátio,,,澳門,大三巴,,,,,,,
大炮台下圍,,Pátio de Santa Filomena,圍,Pátio,台,,澳門,大三巴,,,,,,,
聖柯奴非圍,福星里,Pátio de Santo Onofre,圍,Pátio,,,,,,,,,,,
文第士圍,,Pátio de Silva Mendes,圍,Pátio,,,,,,,,,,,
吳家圍,,Pátio do Abridor,圍,Pátio,,,,,,,,,,,
吉慶二圍,,Pátio do Adem,圍,Pátio,,,,,,,,,,,
大頭針圍,大頭針里,Pátio do Alfinete,圍,Pátio,,,澳門,,,,,,,,
顯榮圍,顯榮里,Pátio do Amparo,圍,Pátio,,,,,,,,,,,
廣富圍,廣富里,Pátio do Arco,圍,Pátio,,,,,,,,,,,
填地圍,福壽里,Pátio do Aterro,圍,Pátio,,,,,,,,,,,
咸蝦圍,咸蝦里,Pátio do Balachão,圍,Pátio,,,,,,,,,,,
善慶圍,,Pátio do Banco,圍,Pátio,,,,,,,,,,,
善慶圍,,Pátio do Banco,圍,Pátio,,,,,,,,,,,
南巫圍,,Pátio do Bonzo,圍,Pátio,,,,,,,,,,,
木匠圍,木匠巷,Pátio do Carpinteiro,圍,Pátio,,,,,,,,,,,
馬統領圍,,Pátio do Comandante Mata e Oliveira,圍,Pátio,,,,,,,,,,,
肥利喇亞美打圍,,Pátio do Conselheiro Ferreira de Almeida,圍,Pátio,,,,,,,,,,,
羔羊圍,永安圍,Pátio do Cordeiro,圍,Pátio,,,,,,,,,,,
美上校圍,,Pátio do Coronel Mesquita,圍,Pátio,,,澳門,,,,,,,,
美上校圍,,Pátio do Coronel Mesquita,圍,Pátio,,,,,,,,,,,
競走者圍,騎樓里,Pátio do Corredor,圍,Pátio,,,,,,,,,,,
手肘圍,德隆新街,Pátio do Cotovelo,圍,Pátio,,,澳門,,,,,,,,
丁香圍,中和里,Pátio do Cravo,圍,Pátio,,,澳門,,,,,,,,
煩懣圍,煩懣里,Pátio do Desgosto,圍,Pátio,,,,,,,,,,,
,,Pátio do Gaio,圍,Pátio,,,路環,,,,,,,,
志圍,志里,Pátio do Gil,圍,Pátio,,,,,,,,,,,
土庫圍 ,,Pátio do Godão,圍,Pátio,,,澳門,,,,,,,,
肥胖圍,,Pátio do Gordo,圍,Pátio,,,路環,路環村,,,,,,,
公仔圍,公仔巷,Pátio do Ídolo,圍,Pátio,,,,,,,,,,,
花園圍,叢慶坊,Pátio do Jardim,圍,Pátio,,,,,,,,,,,
亞婆井圍,,Pátio do Lilau,圍,Pátio,,,澳門,,,,,,,,
洗衣匠圍,青雲里,Pátio do Mainato,圍,Pátio,,,,,,,,,,,
大褸圍,,Pátio do Manto,圍,Pátio,,,澳門,,,,,,,,
門官圍,,Pátio do Mercado,圍,Pátio,,,澳門,,,,,,,,
美基內市場圍,味機市,Pátio do Mercado Interior de Miguel Aires,圍,Pátio,,,澳門,,,,,,,,
吉慶一圍,,Pátio do Mestre,圍,Pátio,,,,,,,,,,,
雅廉訪圍,,Pátio do Ouvidor Arriaga,圍,Pátio,,,澳門,,,,,,,,
高樓圍,,Pátio do Padre António,圍,Pátio,,,,,,,,,,,
卑第圍,,Pátio do Padre Narciso,圍,Pátio,,,,,,,,,,,
巴掌圍,,Pátio do Pagode,圍,Pátio,,,,,,,,,,,
太和圍,,Pátio do Penedo,圍,Pátio,,,,,,,,,,,
大堂新圍,,Pátio do Poeta,圍,Pátio,,,澳門,,,,,,,,
竹園圍,,Pátio do Rochedo,圍,Pátio,,,澳門,,,,,,,,
紅雀圍,,Pátio do Sairro,圍,Pátio,,,,,,,,,,,
鳳仙圍,,Pátio do Sal,圍,Pátio,,,,,,,,,,,
馮家圍,,Pátio do Serralheiro,圍,Pátio,,,,,,,,,,,
工匠圍,居安里,Pátio do Socorro,圍,Pátio,,,澳門,,,,,,,,
日光圍,,Pátio do Sol,圍,Pátio,,,路環,路環村,,,,,,,
日頭圍,日頭里／大三巴太陽里,Pátio do Sol,圍,Pátio,,,澳門,大三巴,,,,,,,
硯圍,,Pátio do Tinteiro,圍,Pátio,,,,,,,,,,,
隧道圍,,Pátio do Túnel,圍,Pátio,,,澳門,,,,,,,,
老人圍,,Pátio do Velho,圍,Pátio,,,路環,,,,,,,,
苦力圍,聚龍里,Pátio dos Cules,圍,Pátio,,,,,,,,,,,
家神圍,長樂里,Pátio dos Penates,圍,Pátio,,,,,,,,,,,
富運台,,Pátio Fu Van,圍,Pátio,台,,,,,,,,,,
何智英東圍,,Pátio Leste de Hó Chi Ieng,圍,Pátio,,,,,,,,,,,
新圍,新里,Pátio Novo,圍,Pátio,,,,,,,,,,,
何子英西圍,,Pátio Oeste de Hó Chi Iêng,圍,Pátio,,,,,,,,,,,
瘋堂圍,,Pátio de S. Lázaro,圍,Pátio,,,澳門,塔石,,,,,,,
書院一徑,,1ª Pista do Colégio ,徑,Pista,,學校,澳大,澳大,,,,,,,
學院一徑,,1ª Pista do Faculdade ,徑,Pista,,學校,澳大,澳大,,,,,,,
書院二徑,,2ª Pista do Colégio ,徑,Pista,,學校,澳大,澳大,,,,,,,
學院二徑,,2ª Pista do Faculdade ,徑,Pista,,學校,澳大,澳大,,,,,,,
書院三徑,,3ª Pista do Colégio ,徑,Pista,,學校,澳大,澳大,,,,,,,
學院三徑,,3ª Pista do Faculdade ,徑,Pista,,學校,澳大,澳大,,,,,,,
書院四徑,,4ª Pista do Colégio ,徑,Pista,,學校,澳大,澳大,,,,,,,
學院四徑,,4ª Pista do Faculdade ,徑,Pista,,學校,澳大,澳大,,,,,,,
書院五徑,,5ª Pista do Colégio ,徑,Pista,,學校,澳大,澳大,,,,,,,
學院五徑,,5ª Pista do Faculdade ,徑,Pista,,學校,澳大,澳大,,,,,,,
書院六徑,,6ª Pista do Colégio ,徑,Pista,,學校,澳大,澳大,,,,,,,
學院六徑,,6ª Pista do Faculdade ,徑,Pista,,學校,澳大,澳大,,,,,,,
蓮花單車徑,,"Pista de Bicicletas ""Flor de Lótus""",徑,Pista,,,,,,,,,,,
氹仔海濱休憩區單車徑,,Zona de Lazer da Marginal da Taipa (Pista de Bicicletas),徑,Pista,,,氹仔,,,,,,,,
友誼大橋,,Ponte da Amizade,大橋/碼頭,Ponte,,,,,,,,,,,
西灣大橋,,Ponte de Sai Van,大橋/碼頭,Ponte,,,,,,,,,,,
蓮花大橋,,Ponte Flor de Lótus,大橋/碼頭,Ponte,,,,,,,,,,,
嘉樂庇總督大橋,,Ponte Governador Nobre de Carvalho,大橋/碼頭,Ponte,,,,,,,,,,,
大誠碼頭,,Ponte Nº. 27,大橋/碼頭,Ponte,,,,,,,,,,,
合利貨倉碼頭,,Ponte Nº. 28,大橋/碼頭,Ponte,,,,,,,,,,,
友誼廣場,,Praça da Amizade,前地,Praça,廣場,,澳門,,,,,,,,
立法會前地,,Praca da Assembleia Legislativa,前地,Praça,,,澳門,南灣,,,,,,,
蘭花前地,,Praça das Orquídeas,前地,Praça,,,澳門,,,,,,,,
關閘廣場,,Praça das Portas do Cerco,前地,Praça,廣場,,澳門,,,,,,,,
殷豐素王前地 ,,Praça de D. Afonso Henriques,前地,Praça,,,澳門,,,,,,,,
亞馬喇前地,,Praça de Ferreira do Amaral,前地,Praça,,,澳門,葡京,,,,,,,
區華利前地,,Praca de Jorge Alvares,前地,Praça,,,澳門,,,,,,,,
羅飛勒前地,燒灰爐口,Praça de Lobo de Ávila,前地,Praça,,,澳門,,,,,,,,
白鴿巢前地,,Praça de Luís de Camões,前地,Praça,,,,白鴿巢,,,,,,,
柯邦迪前地,司打口,Praça de Ponte e Horta,前地,Praça,,,澳門,司打口,,,,,,,
西灣湖廣場,,Praça do Lago Sai Van,前地,Praça,廣場,,澳門,,,,,,,,
北安港廣場,,Praça do Porto de Pac On,前地,Praça,廣場,,,,,,,,,,
終審法院前地,,Praça do Tribunal de Última Instância,前地,Praça,,,澳門,南灣,,,,,,,
蓮花廣場,,Praça dos Lótus,前地,Praça,廣場,,,,,,,,,,
港珠澳邊檢東廣場,,Praça Leste Froneirica de Hong Kong-Zhuhai-Macau,前地,Praça,廣場,,N/A,大白象,,,,,,,
港珠澳邊檢西廣場,,Praça Oeste Froneirica de Hong Kong-Zhuhai-Macau,前地,Praça,廣場,,N/A,大白象,,,,,,,
城市日前地,,Praceta 24 de Junho,前地,Praceta,,,澳門,,,named for the date in which Portugal won the Battle of Macau,,,,,
四月二十五日前地,,Praceta 25 de Abril,前地,Praceta,,,澳門,,,named for the Carnation Revolution,,,,,
港珠澳邊檢中央廣場,,Praceta Central Froneirica de Hong Kong-Zhuhai-Macau,前地,Praceta,廣場,,N/A,大白象,,,,,,,
順景廣場,,Praceta da Serenidade,前地,Praceta,廣場,,澳門,,,,,,,,
十月一號前地 ,,Praceta de 1 de Outubro,前地,Praceta,,,澳門,,,,,,,,
海景花園,,Praceta de Miramar,前地,Praceta,,,澳門,,,,,,,,
石排灣廣場,,Praceta de Seac Pai Van,前地,Praceta,廣場,,路環,,,,,,,,
慕拉士前地,,Praceta de Venceslau de Morais,前地,Praceta,,,澳門,,,,,,,,
如意廣場,,Praceta do Bom Sucesso,前地,Praceta,廣場,,澳門,,,,,,,,
澳門博物館前地,,Praceta do Museu de Macau,前地,Praceta,,,澳門,,,,,,,,
工業園前地,,Praceta do Parque Industrial,前地,Praceta,,,澳門,青洲,,,,,,,
嚤囉園路,,Ramal dos Mouros,路,Ramal,,,澳門,,,"named for Castle of the Moors in Sintra, Portugal",,,,,
媽閣斜坡,,Rampa da Barra,斜坡,Rampa,,,澳門,,,,,,,,
東望洋斜坡,,Rampa da Guia,斜坡,Rampa,,,澳門,,,,,,,,
西望洋斜坡,,Rampa da Penha,斜坡,Rampa,,,澳門,,,,,,,,
大潭山斜坡,,Rampa da Taipa Grande,斜坡,Rampa,,,氹仔,,,,,,,,
馬交石炮台斜坡,,Rampa de D. Maria II,斜坡,Rampa,,,澳門,,,,,,,,
望廈炮台斜坡,,Rampa do Forte de Mong Há,斜坡,Rampa,,,澳門,,,,,,,,
酒店斜路,,Rampa do Hotel,斜坡,Rampa,斜路,,,,,,,,,,
天文台斜路,,Rampa do Observatório,斜坡,Rampa,斜路,,氹仔,,,,,,,,
松山晨運斜坡,,Rampa do Padre Vasconcelos,斜坡,Rampa,,,澳門,,,,,,,,
水池斜坡,,Rampa do Reservatório,斜坡,Rampa,,,,,,,,,,,
馬交石斜坡,黑沙環斜路,Rampa dos Cavaleiros,斜坡,Rampa,,,澳門,,,,,,,,
航空圓形地,,Rotunda da Aeronáutica,圓形地,Rotunda,,,氹仔,,,,,,,,
友誼圓形地,,Rotunda da Amizade,圓形地,Rotunda,,,澳門,,,,,,,,
路環電廠圓形地,,Rotunda da Central Térmica de Coloane,圓形地,Rotunda,,,氹仔,,,,,,,,
聯生圓形地,,Rotunda da Concórdia,圓形地,Rotunda,,,路環,,,,,,,,
和諧圓形地,,Rotunda da Harmonia,圓形地,Rotunda,,,路環,,,,,,,,
奧林匹克游泳館圓形地,,Rotunda da Piscina Olímpica,圓形地,Rotunda,,,氹仔,,,,,,,,
木棉圓形地,木棉街,Rotunda da Sumaúma ,圓形地,Rotunda,,學校,澳大,,,,,,,,
科技大學圓形地,,Rotunda da Universidade de Ciência e Tecnologia,圓形地,Rotunda,,,氹仔,,,,,,,,
棕櫚圓形地,,Rotunda das Palmeiras,圓形地,Rotunda,,,路環,,,,,,,,
嘉路米耶圓形地,三盞燈,Rotunda de Carlos da Maia,圓形地,Rotunda,,,澳門,,,,,,,,
路氹城圓形地,,Rotunda de Cotai,圓形地,Rotunda,,,路氹,,,,,,,,
濠江圓形地,,Rotunda de Hou Kong,圓形地,Rotunda,,,N/A,新城A區,,,,,,,
蘇利安圓形地,,Rotunda de Leonel de Sousa,圓形地,Rotunda,,,氹仔,,,,,,,,
北安圓形地,,Rotunda de Pac On,圓形地,Rotunda,,,氹仔,,,,,,,,
鮑思高圓形地,,Rotunda de S. Joao Bosco,圓形地,Rotunda,,,澳門,,,,,,,,
石排灣圓形地,,Rotunda de Seac Pai Van,圓形地,Rotunda,,,,,,,,,,,
飛機場圓形地,,Rotunda do Aeroporto,圓形地,Rotunda,,,氹仔,,,,,,,,
,,Rotunda do Almirante Costa Cabral,圓形地,Rotunda,,,澳門,,,,,,,,
九澳高頂圓形地,,Rotunda do Altinho de Ká Hó,圓形地,Rotunda,,,,,,named for village of Ká-Hó,,,,,
西堤圓形地,,Rotunda do Dique Oeste,圓形地,Rotunda,,,氹仔,,,,,,,,
運動場圓形地,,Rotunda do Estádio,圓形地,Rotunda,,,,,,,,,,,
路氹連貫公路圓形地,,Rotunda do Istmo,圓形地,Rotunda,,,路氹,,,,,,,,
東亞運圓形地,,Rotunda dos Jogos da Ásia Oriental,圓形地,Rotunda,,,路氹,,,,,,,,
宋玉生博士圓形地,,Rotunda Dr. Carlos A. Correa Pães d'Assumpção,圓形地,Rotunda,,,氹仔,,,named for late Chairman of the Macau Legislative Assembly and a member of the Fundação Oriente's Consultative Committee,,,,,
孫逸仙博士圓形地,,Rotunda Dr. Sun Yat Sen,圓形地,Rotunda,,,氹仔,,,,,,,,
蓮花圓形地,,Rotunda Flor de Lótus,圓形地,Rotunda,,,,,,,,,,,
海濱圓形地,,Rotunda Marginal,圓形地,Rotunda,,,氹仔,,,,,,,,
大學北圓形地,,Rotunda Norte da Universidade,圓形地,Rotunda,,,澳大,,,,,,,,
亞利雅架圓形地,,Rotunda Ouvidor Arriaga,圓形地,Rotunda,,,,,,,,,,,
徐日昇寅公圓形地,,Rotunda Padre Tomás Pereira,圓形地,Rotunda,,,氹仔,,,,,,,,
大學南圓形地,,Rotunda Sul da Universidade,圓形地,Rotunda,,,澳大,,,,,,,,
盧伯德圓形地,,Rotunda Tenente Pedro José da Silva Loureiro,圓形地,Rotunda,,,氹仔,,,,,,,,
勞動節街,,Rua 1º de Maio,街,Rua,,,,,,,,,,,
四月二十五日街,,Rua 25 de Abril,街,Rua,,,澳門,,,named for the Carnation Revolution of 1974,,,,,
永樂街,,Rua Alegre,街,Rua,,,澳門,,,,,,,,
龍嵩正街 ,,Rua Central,街,Rua,,,澳門,,,,,,,,
黑沙環中街,,Rua Central da Areia Preta,街,Rua,,,,,,,,,,,
台山中街,,Rua Central de T'oi Sán,街,Rua,,,澳門,,,,,,,,
柏嘉街,,Rua Cidade de Braga,街,Rua,,,澳門,,,,,,,,
科英布拉街,,Rua Cidade de Coimbra,街,Rua,,,,,,,,,,,
里斯本街,,Rua Cidade de Lisboa,街,Rua,,,氹仔,,,named for Lisbon,,,,,
聖德倫街,,Rua Cidade de Santarém,街,Rua,,,,,,,,,,,
仙德麗街,,Rua Cidade de Sintra,街,Rua,,,澳門,,,,,,,,
波爾圖街,,Rua Cidade do Porto,街,Rua,,,澳門,,,,,,,,
祐漢新村第五街,,Rua Cinco do Bairro Iao Hon,街,Rua,,,,,,,,,,,
海洋花園第五街,,Rua Cinco dos Jardins do Oceano,街,Rua,,,,,,,,,,,
告利雅施利華街,,Rua Correia da Silva,街,Rua,,,氹仔,,,,,,,,
廉慕士街,,Rua Correia Lemos,街,Rua,,,路環,路環村,,,,,,,
順成街,,Rua da Águia,街,Rua,,,,,,,,,,,
大和街,大和斜巷,Rua da Aleluia,街,Rua,,,澳門,,,,,,,,
紅窗門街 ,,Rua da Alfândega,街,Rua,,,澳門,,,,,,,,
海灣南街,,Rua da Bacia Sul,街,Rua,,,,,,,,,,,
海灣街,,Rua da Baía,街,Rua,,,,,,,,,,,
望德聖母灣街,,Rua da Baía de Nossa Senhora da Esperança,街,Rua,,,氹仔,,,,,,,,
媽閣街,,Rua da Barra,街,Rua,,,澳門,,,,,,,,
圖書館北街,,Rua da Biblioteca Norte ,街,Rua,,Y,澳大,,,,,,,,
圖書館南街,,Rua da Biblioteca Sul ,街,Rua,,Y,澳大,,,,,,,,
竹室正街 ,,Rua da Boa Vista,街,Rua,,,澳門,,,,,,,,
竹室正街,,Rua da Boa Vista,街,Rua,,,,,,,,,,,
白灰街,,Rua da Cal,街,Rua,,,澳門,,,,,,,,
白眼塘橫街,福隆下街,Rua da Caldeira,街,Rua,,,澳門,,,,,,,,
下環正街,,Rua da Casa Forte,街,Rua,,,澳門,下灣,,,,,,,
龍嵩正街,,Rua da Central,街,Rua,,,,,,,,,,,
路環電廠街,,Rua da Central Térmica de Coloane,街,Rua,,,,,,,,,,,
和樂街,,Rua da Concórdia,街,Rua,,,澳門,,,,,,,,
打纜街,,Rua da Cordoaria,街,Rua,,,路環,,,,,,,,
林茂塘街 ,,Rua da Doca do Lam Mau,街,Rua,,,澳門,,,,,,,,
圓台街,,Rua da Doca dos Holandeses,街,Rua,,,,,,,,,,,
山邊街,,Rua da Encosta,街,Rua,,,澳門,,,,,,,,
同安街,,Rua da Entena,街,Rua,,,澳門,,,,,,,,
同安街,,Rua da Entena,街,Rua,,,,,,,,,,,
青草街,,Rua da Erva,街,Rua,,,澳門,,,,,,,,
航海學校街,,Rua da Escola Náutica,街,Rua,,,,,,,,,,,
厚望街,,Rua da Esperança,街,Rua,,,澳門,,,,,,,,
賣菜街,,Rua da Estrela,街,Rua,,,,,,,,,,,
工廠街,,Rua da Fábrica,街,Rua,,,澳門,,,,,,,,
永福街,,Rua da Felicidade,街,Rua,,,氹仔,北安,,,,,,,
福隆新街 ,,Rua de Felicidade,街,Rua,,,澳門,新馬路,,,,,,,
福慶街,,Rua da Figueira,街,Rua,,,,,,,,,,,
紫薇街,,Rua da Flor de Merenda,街,Rua,,,,,,,,,,,
二龍喉街,,Rua da Fonte de Inveja,街,Rua,,,,松山,,,,,,,
順發街,,Rua da Fortuna,街,Rua,,,,,,,,,,,
,,Rua da Grunta,街,Rua,,,澳門,,,,,,,,
順怡街,,Rua da Harmonia,街,Rua,,,,,,,,,,,
福安街,,Rua da Harmonia,街,Rua,,,,,,,,,,,
青洲上街,,Rua da Ilha Verde,街,Rua,,,澳門,青洲,,,,,,,
官印局街,,Rua da Imprensa Nacional,街,Rua,,,澳門,,,,,,,,
眾學街,,Rua da Interdisciplinaridade ,街,Rua,,Y,澳大,,,,,,,,
新埗頭街,,Rua da Madeira,街,Rua,,,澳門,新馬路,,,,,,,
馬德拉街,,Rua da Madeira,街,Rua,,,氹仔,三家村,,,,,,,
爹利仙拿姑娘街,,Rua da Madre Terezina,街,Rua,,,,,,,,,,,
杏林街,,Rua do Medicina Compassiva ,街,Rua,,Y,澳大,,,,,,,,
花地瑪教會街,,Rua da Missão de Fátima,街,Rua,,,澳門,,,,,,,,
麻子街,,Rua da Palmeira,街,Rua,,,,,,,,,,,
,,Rua da Papaia,街,Rua,,,澳門,,,,,,,,
溜冰路,,Rua da Patinagem,街,Rua,,,氹仔,,,Ice-skating Street,,,,,
永安街,,Rua da Paz,街,Rua,,,澳門,,,,,,,,
石街,,Rua da Pedra,街,Rua,,,澳門,,,,,,,,
石街,,Rua da Pedra,街,Rua,,,,,,,,,,,
西坑街,,Rua da Penha,街,Rua,,,澳門,,,,,,,,
東方明珠街,,Rua da Pérola Oriental,街,Rua,,,澳門,,,,,,,,
虔信街,,Rua da Piedade,街,Rua,,,澳門,,,,,,,,
黑橋街,,Rua da Ponta Negra,街,Rua,,,氹仔,氹仔市中心,,,,,,,
西灣街,,Rua da Praia do Bom Parto,街,Rua,,,澳門,,,,,,,,
下環街,,Rua da Praia do Manduco,街,Rua,,,澳門,,,,,,,,
三層樓街,,Rua da Prainha,街,Rua,,,澳門,,,,,,,,
順榮街,,Rua da Prosperidade,街,Rua,,,,,,,,,,,
民國街,,Rua da República,街,Rua,,,澳門,,,,,,,,
大三巴右街,,Rua da Ressurreição,街,Rua,,,澳門,,,,,,,,
光復街,,Rua da Restauração,街,Rua,,,澳門,,,,,,,,
沙梨頭海邊街,,Rua da Ribeira do Patane,街,Rua,,,澳門,,,,,,,,
永富街,,Rua da Riqueza,街,Rua,,,澳門,,,,,,,,
連興街,,Rua da Rosa,街,Rua,,,,,,,,,,,
定安街,,Rua da Roseira,街,Rua,,,澳門,,,,,,,,
永康街,,Rua da Saúde,街,Rua,,,澳門,,,,,,,,
大堂街,,Rua da Sé,街,Rua,,,澳門,,,,,,,,
永定街,,Rua da Serenidade,街,Rua,,,澳門,,,,,,,,
木棉街,,Rua da Sumaúma ,街,Rua,,Y,澳大,,,,,,,,
果欄街,,Rua da Tercena,街,Rua,,,澳門,,,,,,,,
觀光塔街,,Rua da Torre de Macau,街,Rua,,,澳門,,,,,,,,
永寧街,,Rua da Tranquilidade,街,Rua,,,氹仔,,,,,,,,
友聯街,,Rua da União,街,Rua,,,澳門,,,,,,,,
永勝街,,Rua da Vitória,街,Rua,,,氹仔,,,,,,,,
得勝街,,Rua da Vitória,街,Rua,,,,,,,,,,,
金鳳路,,Rua das Acácias Rubras,街,Rua,,,,,,,,,,,
水手東街,,Rua das Alabardas,街,Rua,,,澳門,,,,,,,,
合歡街,,Rua das Albizias,街,Rua,,,,,,,,,,,
榕樹街,,Rua das Árvores do Pagode,街,Rua,,,,,,,,,,,
山茶街,,Rua das Camélias,街,Rua,,,澳門,青洲,,,,,,,
樟樹街,,Rua das Canforeiras,街,Rua,,,路環,,,,,,,,
草堆街,,Rua das Estalagens,街,Rua,,,澳門,草堆街,,,,,,,
福隆街,,Rua das Flores,街,Rua,,,,,,,,,,,
水鴨街,,Rua das Gaivotas,街,Rua,,,,,,,,,,,
工業街,,Rua das Indústrias,街,Rua,,,澳門,,,,,,,,
火船頭街,,Rua das Lorchas,街,Rua,,,,,,,,,,,
芒果街,,Rua das Mangueiras,街,Rua,,,,,,,,,,,
森樹街,,Rua das Margoseiras,街,Rua,,,,,,,,,,,
哪咤廟街,,Rua das Verdades,街,Rua,,,,,,,,,,,
德行街,,Rua das Virtudes,街,Rua,,,,,,,,,,,
亞豐素雅布基街,亞豐素街,Rua de Afonso de Albuquerque,街,Rua,,,澳門,,,,,,,,
咩路馬揸度街,,Rua de Álvaro de Melo Machado,街,Rua,,,澳門,,,,,,,,
巴士度街 ,,Rua de António Basto,街,Rua,,,澳門,,,,,,,,
法令司士古街,,Rua de António Francisco,街,Rua,,,,,,,,,,,
亞威羅街,,Rua de Aveiro,街,Rua,,,氹仔,,,"named for Aveiro, Portugal",,,,,
栢林街,,Rua de Berlim,街,Rua,,,,,,,,,,,
布拉格街,,Rua de Braga,街,Rua,,,氹仔,,,named for Braga,,,,,
布拉干薩街,,Rua de Bragança,街,Rua,,,氹仔,,,"named for Bragança, Portugal",,,,,
布魯塞爾街,,Rua de Bruxelas,街,Rua,,,澳門,,,,,,,,
庇山耶街 ,,Rua de Camilo Pessanha,街,Rua,,,澳門,,,,,,,,
廣州街,,Rua de Cantao,街,Rua,,,,,,,,,,,
路環電廠街,,Rua de Central Térmica de Coloane,街,Rua,,Y,路環,,,,,,,,
陳樂街,,Rua de Chan Loc,街,Rua,,,,,,,,,,,
沙維斯街,,Rua de Chaves,街,Rua,,,氹仔,,,"named for Chaves, Portugal",,,,,
潮州街,,Rua de Chiu Chau,街,Rua,,,氹仔,,,named for Teo Chew,,,,,
聚龍街,,Rua de Choi Long,街,Rua,,,氹仔,,,,,,,,
重慶街,,Rua de Chong Heng,街,Rua,,,氹仔,,,named for Chongqing,,,,,
十月初五日街,泗𠵼街 ,Rua de Cinco de Outubro,街,Rua,,,澳門,,,,,,,,
柏樹街,,Rua de Cipreste,街,Rua,,,路環,,,,,,,,
連勝街,,Rua de Coelho do Amaral,街,Rua,,,,,,,,,,,
哥英布拉街,,Rua de Coimbra,街,Rua,,,氹仔,,,named for Coimbra,,,,,
噶地利亞街,,Rua de Corte Real,街,Rua,,,,,,,,,,,
高園街,,Rua de D. Belchior Carneiro,街,Rua,,,,,,,,,,,
田畔街,,Rua de Entre-Campos,街,Rua,,,澳門,,,,,,,,
亞美打街,,Rua de Espectação de Almeida,街,Rua,,,澳門,,,,,,,,
埃武拉街,,Rua de Évora,街,Rua,,,氹仔,,,named for Évora,,,,,
筷子基街,,Rua de Fái Chi Kei,街,Rua,,,,筷子基,,,,,,,
佛山街,,Rua de Fat San,街,Rua,,,氹仔,氹仔市中心,,named for Foshan,,,,,
東望洋街,,Rua de Ferreira do Amaral,街,Rua,,,澳門,,,,,,,,
佛山街 ,,Rua de Foshan,街,Rua,,,澳門,新口岸,,,,,,,
安仿西街,,Rua de Francisco Antonio,街,Rua,,,,,,,,,,,
俾利喇街,,Rua de Francisco Xavier Pereira,街,Rua,,,,,,,,,,,
果亞街,,Rua de Goa,街,Rua,,,澳門,,,,,,,,
施利化街,長安街,Rua de Gomes da Silva,街,Rua,,,澳門,,,,,,,,
黑沙龍爪角海濱路,,Rua de Hac Sá Long Chao Kok,街,Rua,海濱路,,,,,,,,,,
杭州街,,Rua de Hong Chau,街,Rua,,,氹仔,,,named for Hangzhou,,,,,
,,Rua de Horta e Sousa,街,Rua,,,氹仔,,,,,,,,
鵝眉街,,Rua de Inácio Baptista,街,Rua,,,,,,,,,,,
若翰亞美打街,,Rua de João de Almeida,街,Rua,,,澳門,,,,,,,,
大興街,,Rua de João de Araújo,街,Rua,,,澳門,,,,,,,,
李加祿街 ,,Rua de João Lecaros,街,Rua,,,澳門,,,,,,,,
歐華利街,,Rua de Jorge Álvares,街,Rua,,,澳門,,,,,,,,
觀音堂街,,Rua de Kun Iam Tong,街,Rua,,,澳門,,,,,,,,
昆明街,,Rua de Kunming,街,Rua,,,澳門,,,,,,,,
桂林街,,Rua de Kwai Lam,街,Rua,,,氹仔,,,named for Guilin,,,,,
拉哥斯街,,Rua de Lagos,街,Rua,,,氹仔,,,named for Lagos,,,,,
李寶椿街,,Rua de Lei Pou Ch'ôn,街,Rua,,,澳門,台山,,,,,,,
倫敦街,,Rua de Londres,街,Rua,,,,,,,,,,,
高美士街,,Rua de Luís Gonzaga Gomes,街,Rua,,,,,,,,,,,
馬交石街 ,,Rua de Má Káu Séak,街,Rua,,,澳門,,,,,,,,
馬德里街,,Rua de Madrid,街,Rua,,,澳門,,,"named for Madrid, Spain",,,,,
馬六甲街,,Rua de Malaca,街,Rua,,,澳門,,,,,,,,
亞利鴉架街 ,,Rua de Manuel de Arriaga,街,Rua,,,澳門,,,,,,,,
柯利維喇街,,Rua de Marques de Oliveira,街,Rua,,,,,,,,,,,
美基街,,Rua de Miguel Aires,街,Rua,,,澳門,,,,,,,,
望廈街,,Rua de Mong Há,街,Rua,,,澳門,,,,,,,,
望善街,,Rua de Mong Sin,街,Rua,,,,,,,,,,,
望地列古街,,Rua de Montenegro,街,Rua,,,氹仔,,,,,,,,
長崎街,,Rua de Nagasaki,街,Rua,,,澳門,,,,,,,,
南京街,,Rua de Nam Keng,街,Rua,,,氹仔,,,named for namking,,,,,
關前後街,,Rua de Nossa Senhora do Amparo,街,Rua,,,,,,,,,,,
巴黎街,,Rua de Paris,街,Rua,,,澳門,,,"named for Paris, France",,,,,
卑度路街,,Rua de Pedro Nolasco,街,Rua,,,澳門,,,,,,,,
伯多祿局長街 ,白馬行,Rua de Pedro Nolasco da Silva,街,Rua,,,澳門,,,,,,,,
北京街,,Rua de Pequim,街,Rua,,,氹仔,,,"named for Peking, China",,,,,
群興新街,,Rua de Ponte e Horta,街,Rua,,,,,,,,,,,
羅馬街,,Rua de Roma,街,Rua,,,澳門,,,"named for Rome, Italy",,,,,
板樟堂街,,Rua de S. Domingo,街,Rua,,,澳門,,,,,,,,
聖方濟各街,,Rua de S. Francisco Xavier,街,Rua,,,,,,,,,,,
生央街,,Rua de S. João,街,Rua,,,,,,,,,,,
聖庇道街,,Rua de S. João de Brito,街,Rua,,,,,,,,,,,
三巴仔街,,Rua de S. José,街,Rua,,,澳門,,,,,,,,
風順堂街,,Rua de S. Lourenço,街,Rua,,,,,,,,,,,
聖美基街,,Rua de S. Miguel,街,Rua,,,澳門,塔石,,,,,,,
大三巴街,,Rua de S. Paulo,街,Rua,,,澳門,,,,,,,,
聖祿杞街,,Rua de S. Roque,街,Rua,,,澳門,塔石,,,,,,,
媽閣上街,,Rua de S. Tiago da Barra,街,Rua,,,澳門,,,,,,,,
三巴仔街,,Rua de S.José,街,Rua,,,,,,,,,,,
沙嘉都喇賈罷麗街 ,,Rua de Sacadura Cabral,街,Rua,,,澳門,,,,,,,,
西安街,,Rua de Sai On,街,Rua,,,氹仔,,,,,,,,
新利街,,Rua de San Lei,街,Rua,,,,,,,,,,,
汕頭街,,Rua de San Tau,街,Rua,,,氹仔,,,,,,,,
美珊枝街,,Rua de Sanches de Miranda,街,Rua,,,澳門,塔石,,,,,,,
家辣堂街,,Rua de Santa Clara,街,Rua,,,,,,,,,,,
大炮台下街,,Rua de Santa Filomena,街,Rua,,,澳門,,,,,,,,
花王堂街,,Rua de Santo Antonio,街,Rua,,,,,,,,,,,
鮑思高街,,Rua de São João Bosco,街,Rua,,,,,,,,,,,
成都街,,Rua de Seng Tou,街,Rua,,,氹仔,,,named for Chengdu,,,,,
文第士街 ,,Rua de Silva Mendes,街,Rua,,,澳門,,,,,,,,
肇慶街,,Rua de Siu Heng,街,Rua,,,,,,,,,,,
韶關街,,RUa de Siu Kuan,街,Rua,,,氹仔,,,named for Shaoguan,,,,,
大連街,,Rua de Tai Lin,街,Rua,,,氹仔,,,,,,,,
大埔街,,Rua de Tai Pou,街,Rua,,,,,,,,,,,
網球路,,Rua de Ténis,街,Rua,,,,,,,,,,,
天津街,,Rua de Tin Chon,街,Rua,,,,,,,,,,,
羅憲新街,,Rua de Tomás da Rosa,街,Rua,,,,,,,,,,,
慕拉士街,,Rua de Venceslau de Morais,街,Rua,,,,,,,,,,,
永誠街,,Rua de Viseu,街,Rua,,,氹仔,,,named for Viseu,,,,,
上海街,,Rua de Xangai,街,Rua,,,澳門,,,,,,,,
廈門街,,Rua de Xiamen,街,Rua,,,澳門,,,,,,,,
湛江街,,Rua de Zhanjiang,街,Rua,,,氹仔,,,named for Zhanjiang,,,,,
施督憲正街,,Rua Direita Carlos Eugénio,街,Rua,,,,,,,,,,,
中心街,,Rua Direita do Hipódromo,街,Rua,,,澳門,,,,,,,,
河邊新街 ,,Rua do Almirante Sérgio,街,Rua,,,澳門,,,,,,,,
桃李街,,Rua do Ameixas dos Pêssegos e Peras,街,Rua,,Y,澳大,,,,,,,,
收容所街 ,,Rua do Asilo,街,Rua,,,澳門,台山,,,,,,,
三層樓上街,,Rua do Barão,街,Rua,,,澳門,,,,,,,,
水手西街,,Rua do Bazarinho,街,Rua,,,澳門,,,,,,,,
燕主教街,,Rua do Bispo Enes,街,Rua,,,,,,,,,,,
美的路主教街,,Rua do Bispo Medeiros,街,Rua,,,澳門,,,,,,,,
蓬萊新街,,Rua do Bocage,街,Rua,,,,,,,,,,,
寶德街,,Rua do Botelho,街,Rua,,,,,,,,,,,
巴冷登街 ,,Rua do Brandão,街,Rua,,,澳門,,,,,,,,
計單奴街,,Rua do Caetano,街,Rua,,,,,,,,,,,
北安碼頭街,,Rua do Cais de Pac On,街,Rua,,,氹仔,,,,,,,,
水坑尾街,,Rua do Campo,街,Rua,,,澳門,水坑尾,,,,,,,
菜園涌街,,Rua do Canal das Hortas,街,Rua,,,,,,,,,,,
涌河新街,,Rua do Canal Novo,街,Rua,,,,,,,,,,,
𠜎雞街,,Rua do Capão,街,Rua,,,澳門,,,,,,,,
,,Rua do Caracol,街,Rua,,,澳門,,,,,,,,
燒灰爐街,,Rua do Chunambeiro,街,Rua,,,,,,,,,,,
學院路,,Rua do Colégio,街,Rua,,,,,,,,,,,
俾若翰街,筷子基北街,Rua do Comandante João Belo,街,Rua,,,澳門,,,,,,,,
馬統領街 ,,Rua do Comandante Mata e Oliveria,街,Rua,,,澳門,,,,,,,,
高可寧紳士街,,Rua do Comendador Kou Hó Neng,街,Rua,,,,,,,,,,,
青洲街,,Rua do Conselheiro Borja,街,Rua,,,澳門,青洲,,,,,,,
非利喇街,,Rua do Coronel Ferreira,街,Rua,,,澳門,,,,,,,,
美副將街,,Rua do Coronel Mesquita,街,Rua,,,,,,,,,,,
官也街,,Rua do Cunha,街,Rua,,,氹仔,,,named for Portuguese explorer Tristão da Cunha,,,,,
律政司街,,Rua do Delegado,街,Rua,,,,,,,,,,,
體育路,,Rua do Desporto,街,Rua,,,,,,,,,,,
比厘喇馬忌士街,,Rua do Dr. Lourenço Pereira Marques,街,Rua,,,澳門,,,,,,,,
比厘喇馬忌士街,,Rua do Dr. Lourenço Pereira Marques,街,Rua,,,,,,,,,,,
羅保博士街,,Rua do Dr. Pedro Jose Lobo,街,Rua,,,,,,,,,,,
蘇沙醫生街,,Rua do Dr. Ricardo de Sousa,街,Rua,,,,,,,,,,,
薈萃街,,Rua do Elite ,街,Rua,,Y,澳大,,,,,,,,
船鋪街,,Rua do Estaleiro,街,Rua,,,,,,,,,,,
聚賢街,,Rua do Estudioso Wei Juxian,街,Rua,,Y,澳大,,,,,,,,
夜呣街 ,,Rua do Gamboa,街,Rua,,,澳門,,,,,,,,
白朗古將軍街,,Rua do General Castelo Branco,街,Rua,,,澳門,,,,,,,,
嘉野度將軍街,將軍街,Rua do General Galhardo,街,Rua,,,,,,,,,,,
飛喇士街 ,筷子基南街,Rua do General Ivens Ferraz,街,Rua,,,,,,,,,,,
羅德禮將軍街,,Rua do General Rodrigues,街,Rua,,,,,,,,,,,
柯維納總督街,,Rua do Governador Albano de Oliveira,街,Rua,,,,,,,,,,,
海邊新街,,Rua do Guimarães,街,Rua,,,,,,,,,,,
皇子街,泗𠵼碼頭,Rua do Infante,街,Rua,,,,,,,,,,,
入便街,,Rua do Interior,街,Rua,,,,,,,,,,,
,,Rua do Jardim,街,Rua,,,氹仔,,,,,,,,
,,Rua do Jardim,街,Rua,,,路環,,,,,,,,
化驗所街,,Rua do Laboratório,街,Rua,,,澳門,青洲,,,,,,,
西灣湖街,,Rua do Lago Sai Van,街,Rua,,,,,,,,,,,
亞婆井街,,Rua do Lilau,街,Rua,,,澳門,,,,,,,,
中街,,Rua do Meio,街,Rua,,,氹仔,官也街,,,,,,,
中街,,Rua do Meio,街,Rua,,,路環,路環村,,,,,,,
市場街,,Rua do Mercado de Iao Hon,街,Rua,,,澳門,,,,,,,,
米尼奧街,,Rua do Minho,街,Rua,,,,,,,,,,,
西望洋眺望台街 ,,Rua do Miradouro de Santa Sancha,街,Rua,,,澳門,,,,,,,,
大炮台街,,Rua do Monte,街,Rua,,,澳門,,,,,,,,
區神父街,,Rua do Padre Eugénio Taverna,街,Rua,,,澳門,,,,,,,,
傅禮士神父街,,Rua do Padre Luís Fróis S.J.,街,Rua,,,澳門,,,,,,,,
木橋街 ,,Rua do Pagode,街,Rua,,,澳門,,,,,,,,
排角街,,Rua do Pai Kok,街,Rua,,,氹仔,,,,,,,,
公園街,,Rua do Parque,街,Rua,,,澳門,,,,,,,,
工業園街,,Rua do Parque Industrial,街,Rua,,,澳門,青洲,,,,,,,
通衢街,,Rua do Passadiço,街,Rua,,,澳門,,,,,,,,
通衢街,,Rua do Passadiço,街,Rua,,,,,,,,,,,
沙梨頭街,石牆街,Rua do Patane,街,Rua,,,澳門,,,,,,,,
鹹魚街,,Rua do Peixe Salgado,街,Rua,,,澳門,,,,,,,,
松柏街,,Rua do Pinheiro ,街,Rua,,Y,澳大,,,,,,,,
波爾圖街,,Rua do Porto,街,Rua,,,氹仔,,,named for Porto,,,,,
永添街,,Rua do Progresso,街,Rua,,,氹仔,,,,,,,,
永發街,,Rua do Progresso,街,Rua,,,澳門,,,,,,,,
望廈兵房街,,Rua do Quartel de Mong Há,街,Rua,,,澳門,,,,,,,,
地堡街,,Rua do Regedor,街,Rua,,,,,,,,,,,
,,Rua do Retiro,街,Rua,,,氹仔,,,,,,,,
三巴仔橫街,,Rua do Seminário,街,Rua,,,澳門,,,,,,,,
日頭街,,Rua do Sol,街,Rua,,,氹仔,官也街,,,,,,,
素啤古街,,Rua do Súpico,街,Rua,,,,,,,,,,,
塔石街,,Rua do Tap Siac,街,Rua,,,,,,,,,,,
沙欄仔街 ,,Rua do Tarrafeiro,街,Rua,,,澳門,,,,,,,,
戴紳禮街,,Rua do Tássara,街,Rua,,,,,,,,,,,
大碼頭街,,Rua do Teatro,街,Rua,,,澳門,,,,,,,,
蓮峰街,,Rua do Templo Lin-Fong,街,Rua,,,,,,,,,,,
海港街,,Rua do Terminal Marítimo,街,Rua,,,,,,,,,,,
聚寶街,夜呣前巷,Rua do Tesouro,街,Rua,,,,,,,,,,,
射擊路,,Rua do Tiro,街,Rua,,,,,,,,,,,
巴素打爾古街 ,,Rua do Visconde Paço de Arcos,街,Rua,,,澳門,,,,,,,,
巴素打爾古街,,Rua do Visconde Paço de Arcos,街,Rua,,,,,,,,,,,
和隆街,,Rua do Volong,街,Rua,,,澳門,塔石,,,,,,,
台山新城市第二街,,Rua Dois da Cidade Nova de T'oi Sán,街,Rua,,,澳門,,,,,,,,
台山新城市第二街,,Rua Dois da Cidade Nova de T'oi Sán,街,Rua,,,,,,,,,,,
業興二街,,Rua Dois de Heng Ip,街,Rua,,,,,,,,,,,
居雅二街,,Rua Dois de Koi Nga,街,Rua,,,,,,,,,,,
和樂坊二街,,Rua Dois do Bairro da Concórdia,街,Rua,,,澳門,,,,,,,,
祐漢新村第二街,,Rua Dois do Bairro Iao Hon,街,Rua,,,,,,,,,,,
華大新村第二街,,Rua Dois do Bairro Vá Tai,街,Rua,,,,,,,,,,,
竹灣豪園第二街,,Rua Dois dos Jardins de Cheoc Van,街,Rua,,,,,,,,,,,
海洋花園第二街,,Rua Dois dos Jardins do Oceano,街,Rua,,,,,,,,,,,
亞速爾街,,Rua dos Açores,街,Rua,,,氹仔,三家,,,,,,,
貨倉街,,Rua dos Armazéns,街,Rua,,,,下環,,,,,,,
炮兵街,,Rua dos Artilheiros,街,Rua,,,,,,,,,,,
連理街,,Rua dos Bem Casados,街,Rua,,,氹仔,官也街,,,,,,,
紅棉路,,Rua dos Bombaxes,街,Rua,,,,,,,,,,,
興華街,,Rua dos Cavaleiros,街,Rua,,,,,,,,,,,
木鐸街,,Rua dos Clérigos,街,Rua,,,氹仔,官也街,,,,,,,
工匠街,,Rua dos Colonos,街,Rua,,,澳門,,,,,,,,
天通街,,Rua dos Cules,街,Rua,,,澳門,,,,,,,,
牧場街,,Rua dos Currais,街,Rua,,,澳門,,,,,,,,
船廠街,,Rua dos Estaleiros,街,Rua,,,,,,,,,,,
桉樹街,,Rua dos Eucaliptos,街,Rua,,,,,,,,,,,
快艇頭街,米街,Rua dos Faitiões,街,Rua,,,澳門,,,,,,,,
菜園路,,Rua dos Hortelãos,街,Rua,,,,,,,,,,,
,,Rua dos Jamboleiros,街,Rua,,,路環,,,,,,,,
蒲桃街,,Rua dos Jamboleiros,街,Rua,,,,,,,,,,,
,,Rua dos Jogos da Ásia Oriental,街,Rua,,,氹仔,,,東亞運,,,,,
東亞運街,,Rua dos Jogos da Ásia Oriental,街,Rua,,,,,,,,,,,
營地大街,營地街／大街,Rua dos Mercadores,街,Rua,,,澳門,新馬路,,,,,,,
,,Rua dos Navegantes,街,Rua,,,路環,,,,,,,,
客商街,,Rua dos Negociantes,街,Rua,,,,,,,,,,,
漁翁街,,Rua dos Pescadores,街,Rua,,,,,,,,,,,
士林街,,Rua dos Saberes,街,Rua,,Y,澳大,,,,,,,,
龍柏路,,Rua dos Zimbros,街,Rua,,,,,,,,,,,
飛能便度街,,Rua Fernão Mendes Pinto,街,Rua,,,氹仔,,,named for Fernão Mendes Pinto,,,,,
美麗街,,Rua Formosa,街,Rua,,,澳門,,,,,,,,
飛南第街,,Rua Francisco H. Fernandes,街,Rua,,,,,,,,,,,
高甸玉街,,Rua Gago Coutinho,街,Rua,,,,,,,,,,,
千年利街,,Rua George Chinnery,街,Rua,,,澳門,,,,,,,,
巴波沙總督街,,Rua Governador Tamagnini Barbosa,街,Rua,,,,,,,,,,,
永華街,,Rua Graciosa,街,Rua,,,澳門,,,,,,,,
興隆街,,Rua Heng Long,街,Rua,,,氹仔,,,,,,,,
何連旺街 ,,Rua Ho Lin Vong,街,Rua,,,氹仔,,,,,,,,
山邊東街,,Rua Leste da Encosta,街,Rua,,,,,,,,,,,
青洲東街,,Rua Leste da Ilha Verde,街,Rua,,,澳門,台山,,,,,,,
科研東街,,Rua Leste de Investigação Científica,街,Rua,,Y,澳大,,,,,,,,
罅些喇提督市東街,,Rua Leste do Mercado Almirante Lacerda,街,Rua,,,,,,,,,,,
公局新市東街,,Rua Leste do Mercado de S. Domingos,街,Rua,,,澳門,,,,,,,,
聯生海濱路,,Rua Marginal da Concórdia,街,Rua,海濱路,,,,,,,,,,
菜園涌邊街,,Rua Marginal do Canal das Hortas,街,Rua,,,,,,,,,,,
林茂海邊街 ,,Rua Marginal do Lam Mau,街,Rua,,,澳門,,,,,,,,
叢慶北街,,Rua Norte,街,Rua,,,,,,,,,,,
科研北街,,Rua Norte de Investigação Científica ,街,Rua,,Y,澳大,,,,,,,,
菜園涌北街,,Rua Norte do Canal das Hortas,街,Rua,,,,,,,,,,,
公局新市北街,,Rua Norte do Mercado de S. Domingos,街,Rua,,,澳門,,,,,,,,
工業園北街,,Rua Norte do Parque Industrial,街,Rua,,,澳門,青洲,,,,,,,
沙梨頭北街,,Rua Norte do Patane,街,Rua,,,澳門,,,,,,,,
福德新街,,Rua Nova,街,Rua,,,,,,,,,,,
東望洋新街 ,,Rua Nova à Guia,街,Rua,,,澳門,,,,,,,,
黑沙環新街,,Rua Nova da Areia Preta,街,Rua,,,,,,,,,,,
青洲新街,,Rua Nova da Ilha Verde,街,Rua,,,澳門,台山,,,,,,,
台山新街,,Rua Nova de T'oi Sán,街,Rua,,,澳門,,,,,,,,
通商新街,新填地,Rua Nova do Comércio,街,Rua,,,澳門,,,,,,,,
工業園新街,,Rua Nova do Parque Industrial,街,Rua,,,澳門,青洲,,,,,,,
沙梨頭新街,,Rua Nova do Patane,街,Rua,,,澳門,,,,,,,,
,,Rua Oeste de Entre Lagos,街,Rua,,,澳門,,,,,,,,
科研西街,,Rua Oeste de Investigação Científica,街,Rua,,Y,澳大,,,,,,,,
公局新市西街,,Rua Oeste do Mercado de S. Domingos,街,Rua,,,澳門,,,,,,,,
公局新市西街,,Rua Oeste do Mercado de S. Domingos,街,Rua,,,,,,,,,,,
祐漢新村第八街,,Rua Oito do Bairro Iao Hon,街,Rua,,,,,,,,,,,
黑沙環第四街,,Rua Quatro do Bairro da Areia Preta,街,Rua,,,,,,,,,,,
祐漢新村第四街,,Rua Quatro do Bairro Iao Hon,街,Rua,,,,,,,,,,,
海洋花園第四街,,Rua Quatro dos Jardins do Oceano,街,Rua,,,,,,,,,,,
媽閣上街,,Rua S. Tiagoda Barra,街,Rua,,,,,,,,,,,
,,Rua São Tiago da Barra,街,Rua,,,澳門,,,,,,,,
黑沙環第六街,,Rua Seis do Bairro da Areia Preta,街,Rua,,,,,,,,,,,
祐漢新村第六街,,Rua Seis do Bairro Iao Hon,街,Rua,,,,,,,,,,,
海洋花園第六街,,Rua Seis dos Jardins do Oceano,街,Rua,,,,,,,,,,,
祐漢新村第七街,,Rua Sete do Bairro Iao Hon,街,Rua,,,,,,,,,,,
順景街,,Rua Son Keng,街,Rua,,,氹仔,,,,,,,,
叢慶南街,,Rua Sul,街,Rua,,,,,,,,,,,
湖畔南街,,Rua Sul de Entre Lagos,街,Rua,,,,,,,,,,,
鴨涌河南街,,Rua Sul do Canal dos Patos,街,Rua,,,,,,,,,,,
公局新市南街,,Rua Sul do Mercado de S. Domingos,街,Rua,,,澳門,,,,,,,,
工業園南街,,Rua Sul do Parque Industrial,街,Rua,,,澳門,青洲,,,,,,,
沙梨頭南街,,Rua Sul do Patane,街,Rua,,,澳門,,,,,,,,
台山新城市第三街,,Rua Três da Cidade Nova de T`oi Sán,街,Rua,,,,,,,,,,,
業興三街,,Rua Três de Heng Ip,街,Rua,,,,,,,,,,,
祐漢新村第三街,,Rua Três do Bairro Iao Hon,街,Rua,,,,,,,,,,,
華大新村第三街,,Rua Três do Bairro Vá Tai,街,Rua,,,,,,,,,,,
竹灣豪園第三街,,Rua Três dos Jardins de Cheoc Van,街,Rua,,,,,,,,,,,
海洋花園第三街,,Rua Três dos Jardins do Oceano,街,Rua,,,,,,,,,,,
台山新城市第一街,,Rua Um da Cidade Nova de T`oi Sán,街,Rua,,,,,,,,,,,
台山新城市第一街,,Rua Um da Cidade Nova de T'oi Sán,街,Rua,,,澳門,,,,,,,,
業興一街,,Rua Um de Ip Heng,街,Rua,,,,,,,,,,,
居雅一街,,Rua Um de Koi Nga,街,Rua,,,,,,,,,,,
和樂坊一街,,Rua Um do Bairro da Concórdia,街,Rua,,,澳門,,,,,,,,
祐漢新村第一街,,Rua Um do Bairro Iao Hon,街,Rua,,,,,,,,,,,
華大新村第一街,,Rua Um do Bairro Vá Tai,街,Rua,,,,,,,,,,,
竹灣豪園第一街,,Rua Um dos Jardins de Cheoc Van,街,Rua,,,,,,,,,,,
海洋花園第一街,,Rua Um dos Jardins do Oceano,街,Rua,,,,,,,,,,,
華大街,,Rua Vá Tai,街,Rua,,,,,,,,,,,
和睦街,,Rua Wo Mok,街,Rua,,,氹仔,,,,,,,,
馬忌士街,,Rua de Eduardo Marques,街,Rua,,,澳門,塔石,,,,,,,
瘋堂新街,,Rua Nova de S. Lázaro,街,Rua,,,澳門,塔石,,,,,,,
南灣中巷,,Travessa Central da Praia Grande,巷,Travessa,,,,,,,,,,,
短巷,,Travessa Curta,巷,Travessa,,,,,,,,,,,
友誼巷,,Travessa da Amizade,巷,Travessa,,,澳門,,,,,,,,
黑沙環巷,,Travessa da Areia Preta,巷,Travessa,,,,,,,,,,,
海灣巷,,Travessa da Baía,巷,Travessa,,,,,,,,,,,
媽閣巷,,Travessa da Barra,巷,Travessa,,,澳門,,,,,,,,
海棠巷,,Travessa da Begónia,巷,Travessa,,,澳門,青洲,,,,,,,
風景巷,,Travessa da Boa Vista,巷,Travessa,,,,,,,,,,,
港務局巷,,Travessa da Capitania dos Portos,巷,Travessa,,,,,,,,,,,
鵪鶉巷,,Travessa da Codorniz,巷,Travessa,,,,,,,,,,,
大纜巷,,Travessa da Corda,巷,Travessa,,,,,,,,,,,
打纜巷,,Travessa da Cordoaria,巷,Travessa,,,,,,,,,,,
托兒所巷,,Travessa da Creche,巷,Travessa,,,,,,,,,,,
酒潭巷,,Travessa da Dorna,巷,Travessa,,,,,,,,,,,
山邊巷,,Travessa da Encosta,巷,Travessa,,,澳門,,,,,,,,
魚鱗巷,,Travessa da Escama,巷,Travessa,,,,,,,,,,,
福隆彩巷,,Travessa da Esperança,巷,Travessa,,,氹仔,官也街,,,,,,,
草蓆巷,,Travessa da Esteira,巷,Travessa,,,,,,,,,,,
製造廠巷,,Travessa da Fábrica,巷,Travessa,,,,,,,,,,,
炮竹廠巷,,Travessa da Fábrica de Panchões,巷,Travessa,,,,,,,,,,,
福隆新巷,宜安街,Travessa da Felicidade,巷,Travessa,,,,,,,,,,,
蟻巷,,Travessa da Formiga,巷,Travessa,,,路環,路環村,,,,,,,
榮光巷,,Travessa da Glória,巷,Travessa,,,,,,,,,,,
魚鰓巷,,Travessa da Guelra,巷,Travessa,,,,,,,,,,,
教堂巷,,Travessa da Igreja,巷,Travessa,,,,,,,,,,,
青洲巷,,Travessa da Ilha Verde,巷,Travessa,,,澳門,青洲,,,,,,,
兔巷,,Travessa da Lebre,巷,Travessa,,,,,,,,,,,
缸瓦巷,,Travessa da Louça,巷,Travessa,,,,,,,,,,,
木蘭巷,,Travessa da Magnólia,巷,Travessa,,,澳門,青洲,,,,,,,
賣菜巷,,Travessa da Mosca,巷,Travessa,,,,,,,,,,,
戀愛巷,,Travessa da Paixão,巷,Travessa,,,澳門,大三巴,,,,,,,
沙梨頭口巷,,Travessa da Palanchica,巷,Travessa,,,澳門,,,,,,,,
玉盞巷,,Travessa da Palangana,巷,Travessa,,,,,,,,,,,
麻子巷,,Travessa da Palmeira,巷,Travessa,,,,,,,,,,,
水桶巷,,Travessa da Pipa,巷,Travessa,,,,,,,,,,,
橋巷,,Travessa da Ponte,巷,Travessa,,,,,,,,,,,
趙家巷,,Travessa da Porta,巷,Travessa,,,,,,,,,,,
三家村巷,,Travessa da Povoação de Sam Ka,巷,Travessa,,,,三家,,,,,,,
,,Travessa da Praia,巷,Travessa,,,澳門,,,,,,,,
如意巷,,Travessa da Prosperidade,巷,Travessa,,,,,,,,,,,
胡琴巷,,Travessa da Rebeca,巷,Travessa,,,,,,,,,,,
民國巷,,Travessa da República,巷,Travessa,,,,,,,,,,,
峽谷巷,,Travessa da Ribeira,巷,Travessa,,,,,,,,,,,
沙梨頭海邊巷,,Travessa da Ribeira do Patane,巷,Travessa,,,澳門,,,,,,,,
仁慕巷,,Travessa da Saudade,巷,Travessa,,,,,,,,,,,
大堂巷,,Travessa da Sé,巷,Travessa,,,澳門,,,,,,,,
氹仔巷,,Travessa da Taipa,巷,Travessa,,,,,,,,,,,
友聯巷,,Travessa da União,巷,Travessa,,,澳門,,,,,,,,
樂上巷,,Travessa da Viola,巷,Travessa,,,,,,,,,,,
雅景巷,,Travessa das Acácias,巷,Travessa,,,,,,,,,,,
仙女巷,,Travessa das Bruxas,巷,Travessa,,,氹仔,官也街,,,,,,,
大蘿巷,,Travessa das Canastras,巷,Travessa,,,氹仔,官也街,,,,,,,
天竹巷,,Travessa das Dálias,巷,Travessa,,,澳門,青洲,,,,,,,
船澳巷,,Travessa das Docas,巷,Travessa,,,,,,,,,,,
船澳巷,,Travessa das Docas,巷,Travessa,,,,,,,,,,,
水雞巷,,Travessa das Galinholas,巷,Travessa,,,,,,,,,,,
菜園巷,,Travessa das Hortas,巷,Travessa,,,,,,,,,,,
草堆橫巷,,Travessa das Janelas Verdes,巷,Travessa,,,,,,,,,,,
美女巷,,Travessa das Lindas,巷,Travessa,,,,,,,,,,,
石仔堆巷,,Travessa das Pedrinhas,巷,Travessa,,,,,,,,,,,
千日紅巷,,Travessa das Perpétuas,巷,Travessa,,,,,,,,,,,
翎毛巷,,Travessa das Plumas,巷,Travessa,,,,,,,,,,,
銅錢巷,,Travessa das Sapecas,巷,Travessa,,,,,,,,,,,
音調巷,,Travessa das Trinas,巷,Travessa,,,,,,,,,,,
福寧巷,福寧里／新圍,Travessa das Venturas,巷,Travessa,,,,,,,,,,,
哪咤廟巷,,Travessa das Verdades,巷,Travessa,,,,,,,,,,,
道德巷 ,深巷橫街,Travessa das Virtudes,巷,Travessa,,,澳門,,,,,,,,
巴波沙巷,,Travessa de Artur Tamagnini Barbosa,巷,Travessa,,,,,,,,,,,
俊秀巷,,Travessa de Chôn Sau,巷,Travessa,,,,,,,,,,,
十月初五日巷,,Travessa de Cinco de Outubro,巷,Travessa,,,,,,,,,,,
連勝巷,,Travessa de Coelho do Amaral,巷,Travessa,,,,,,,,,,,
連安後巷,,Travessa de Don Quixote,巷,Travessa,,,,,,,,,,,
筷子基巷,,Travessa de Fái Chi Kei,巷,Travessa,,,,,,,,,,,
俾利喇巷,,Travessa de Francisco Xavier Pereira,巷,Travessa,,,澳門,,,,,,,,
何老桂巷,,Travessa de Ho Lo Quai,巷,Travessa,,,,,,,,,,,
意那韶白的士打巷,鵝眉橫街,Travessa de Inacio Baptista,巷,Travessa,,,,,,,,,,,
林茂巷,,Travessa de Lam Mau,巷,Travessa,,,,,,,,,,,
林德遠巷,,Travessa de Lam Tac Un,巷,Travessa,,,,,,,,,,,
盧善德巷,福德街,Travessa de Maria Lucinda,巷,Travessa,,,,,,,,,,,
墨山巷,,Travessa de Martinho Montenegro,巷,Travessa,,,,,,,,,,,
高地烏巷,,Travessa de Pedro Coutinho,巷,Travessa,,,,,,,,,,,
板樟堂巷,,Travessa de S. Domingos,巷,Travessa,,,澳門,,,,,,,,
水榕樹巷,,Travessa de S. João,巷,Travessa,,,,,,,,,,,
大三巴巷 ,,Travessa de S. Paulo,巷,Travessa,,,澳門,大三巴,,,,,,,
耶都地巷,,Travessa de Santa Gertrudes,巷,Travessa,,,氹仔,,,,,,,,
新勝巷,,Travessa de Tomás Vieira,巷,Travessa,,,,,,,,,,,
慕拉士巷,,Travessa de Venceslau de Morais,巷,Travessa,,,澳門,,,,,,,,
慕拉士巷,,Travessa de Venceslau de Morais,巷,Travessa,,,,,,,,,,,
大樓斜巷,,Travessa do Abreu,巷,Travessa,,,澳門,,,,,,,,
大樓斜巷,,Travessa do Abreu,巷,Travessa,,,,,,,,,,,
賈伯樂提督巷,,Travessa do Almirante Costa Cabral,巷,Travessa,,,,,,,,,,,
河邊新巷,,Travessa do Almirante Sergio,巷,Travessa,,,,,,,,,,,
河邊新巷,,Travessa do Almirante Sérgio,巷,Travessa,,,澳門,,,,,,,,
賣魚巷,,Travessa do Alpendre,巷,Travessa,,,,,,,,,,,
爛鬼樓巷爛鬼樓新街爛鬼樓,,Travessa do Armazém Velho,巷,Travessa,,,,,,,,,,,
清平巷清平新街清平直街,,Travessa do Auto Novo,巷,Travessa,,,,,,,,,,,
鹹蝦巷,,Travessa do Balichão,巷,Travessa,,,,,,,,,,,
永安息巷,,Travessa do Bálsamo,巷,Travessa,,,,,,,,,,,
剪髮匠巷,,Travessa do Barbeiro,巷,Travessa,,,,,,,,,,,
山水園巷,山水園斜巷,Travessa do Bom Jesus,巷,Travessa,,,澳門,,,,,,,,
花王堂巷,,Travessa do Botelho,巷,Travessa,,,,,,,,,,,
蛤巷,,Travessa do Búzio,巷,Travessa,,,,,,,,,,,
計單奴巷,,Travessa do Caetano,巷,Travessa,,,,,,,,,,,
家冷巷,,Travessa do Calão,巷,Travessa,,,,,,,,,,,
菜園涌巷,,Travessa do Canal das Hortas,巷,Travessa,,,,,,,,,,,
𠜎雞巷,,Travessa do Capão,巷,Travessa,,,,,,,,,,,
嘉模巷,,Travessa do Carmo,巷,Travessa,,,,,,,,,,,
遊艇會巷,,Travessa do Clube de Iates,巷,Travessa,,,,,,,,,,,
連興巷,,Travessa do Colar,巷,Travessa,,,,,,,,,,,
扣鈕巷,,Travessa do Colchete,巷,Travessa,,,,,,,,,,,
公侯巷,,Travessa do Conde,巷,Travessa,,,,,,,,,,,
青洲新巷,,Travessa do Conselheiro Borja,巷,Travessa,,,澳門,青洲,,,,,,,
造繩巷,,Travessa do Cordoeiro,巷,Travessa,,,,,,,,,,,
美副將巷,,Travessa do Coronel Mesquita,巷,Travessa,,,,,,,,,,,
菊花巷,,Travessa do Crisântemo,巷,Travessa,,,,,,,,,,,
馬揸度博士巷,,Travessa do Dr. Francisco Vieira Machado,巷,Travessa,,,,,,,,,,,
馬博士巷,,Travessa do Dr. Lourenço Pereira Marques,巷,Travessa,,,,,,,,,,,
罣累巷,,Travessa do Enleio,巷,Travessa,,,,,,,,,,,
船鋪巷,,Travessa do Estaleiro,巷,Travessa,,,,,,,,,,,
山雞巷,,Travessa do Faisão,巷,Travessa,,,澳門,,,,,,,,
爐巷,,Travessa do Fogão,巷,Travessa,,,,,,,,,,,
金龍巷,,Travessa do Fogo,巷,Travessa,,,,,,,,,,,
風爐匠巷,,Travessa do Fogueiro,巷,Travessa,,,,,,,,,,,
草蜢巷,,Travessa do Gafanhoto,巷,Travessa,,,,,,,,,,,
夜呣巷,,Travessa do Gamboa,巷,Travessa,,,,,,,,,,,
叉巷,,Travessa do Garfo,巷,Travessa,,,澳門,,,,,,,,
生雪巷,,Travessa do Gelo,巷,Travessa,,,,,,,,,,,
飛喇士巷,,Travessa do General Ivens Ferraz,巷,Travessa,,,,,,,,,,,
花園巷,,Travessa do Jardim,巷,Travessa,,,,,,,,,,,
化驗所巷,,Travessa do Laboratório,巷,Travessa,,,澳門,青洲,,,,,,,
塘巷,,Travessa do Lago,巷,Travessa,,,,,,,,,,,
李道巷,,Travessa do Lido,巷,Travessa,,,澳門,,,,,,,,
李道巷,,Travessa do Lido,巷,Travessa,,,,,,,,,,,
桔仔巷,,Travessa do Matapau,巷,Travessa,,,,,,,,,,,
太和巷,,Travessa do Mata-Tigre,巷,Travessa,,,,,,,,,,,
大廟腳巷,,Travessa do Meio,巷,Travessa,,,澳門,,,,,,,,
中巷,,Travessa do Meio,巷,Travessa,,,,,,,,,,,
公局市場巷 ,公局市橫巷／公局市橫街,Travessa do Mercado Municipal,巷,Travessa,,,澳門,,,,,,,,
十字巷,,Travessa do Muro,巷,Travessa,,,澳門,,,,,,,,
水仙巷,,Travessa do Narciso,巷,Travessa,,,澳門,青洲,,,,,,,
東北巷,,Travessa do Nordeste,巷,Travessa,,,,,,,,,,,
大廟巷,,Travessa do Pagode,巷,Travessa,,,,,,,,,,,
布巷,,Travessa do Pano,巷,Travessa,,,,,,,,,,,
平線巷,,Travessa do Paralelo,巷,Travessa,,,,,,,,,,,
牧羊巷,,Travessa do Pastor,巷,Travessa,,,,,,,,,,,
沙梨頭巷,,Travessa do Patane,巷,Travessa,,,澳門,,,,,,,,
永安下巷,,Travessa do Pau,巷,Travessa,,,,,,,,,,,
火水巷,,Travessa do Petróleo,巷,Travessa,,,澳門,,,,,,,,
水塘巷,,Travessa do Reservatório,巷,Travessa,,,,,,,,,,,
鹽巷,,Travessa do Sal,巷,Travessa,,,,,,,,,,,
竹帽巷,,Travessa do Tudum,巷,Travessa,,,澳門,,,,,,,,
山洞巷,,Travessa do Túnel,巷,Travessa,,,澳門,,,,,,,,
台山新城市第二巷,,Travessa Dois da Cidade Nova de T'oi Sán,巷,Travessa,,,,,,,,,,,
龍爪角第二巷,,Travessa Dois de Long Chao Kok,巷,Travessa,,,,,,,,,,,
北安碼頭二巷,,Travessa Dois do Cais de Pac On,巷,Travessa,,,,,,,,,,,
工業園二巷,,Travessa Dois do Parque Industrial,巷,Travessa,,,澳門,青洲,,,,,,,
小新巷 ,,Travessa dos Alfaiates,巷,Travessa,,,澳門,,,,,,,,
高尾巷,高尾街,Travessa dos Algibebes,巷,Travessa,,,,大三巴,,,,,,,
貨倉巷,,Travessa dos Armazéns,巷,Travessa,,,,,,,,,,,
炮兵巷,,Travessa dos Artilheiros,巷,Travessa,,,,,,,,,,,
掙匠巷,,Travessa dos Calafates,巷,Travessa,,,,,,,,,,,
騎士巷,,Travessa dos Cavaleiros,巷,Travessa,,,,,,,,,,,
工匠巷,,Travessa dos Colonos,巷,Travessa,,,澳門,,,,,,,,
郵電巷,,Travessa dos Correios,巷,Travessa,,,,,,,,,,,
轎夫巷,,Travessa dos Cules,巷,Travessa,,,,,,,,,,,
牧場巷,,Travessa dos Currais,巷,Travessa,,,,,,,,,,,
船廠巷,,Travessa dos Estaleiros,巷,Travessa,,,,,,,,,,,
快艇巷,永安中街,Travessa dos Faitiões,巷,Travessa,,,澳門,,,,,,,,
下環舊巷 ,,Travessa dos Juncos,巷,Travessa,,,澳門,,,,,,,,
蓮花巷,,Travessa dos Lótus,巷,Travessa,,,,,,,,,,,
買賣巷,,Travessa dos Mercadores,巷,Travessa,,,氹仔,官也街,,,,,,,
蛋巷,永安上街,Travessa dos Ovos,巷,Travessa,,,,,,,,,,,
漁翁巷,,Travessa dos Pescadores,巷,Travessa,,,,,,,,,,,
大井巷,,Travessa dos Poços,巷,Travessa,,,澳門,,,,,,,,
馬車巷 ,夜呣前街／馬巷,Travessa dos Tréns,巷,Travessa,,,,,,,,,,,
小販巷,下環小市,Travessa dos Vendilhões,巷,Travessa,,,澳門,,,,,,,,
老虎巷,,Travessa Lou Fu,巷,Travessa,,,氹仔,官也街,,,,,,,
黑沙環海邊巷,,Travessa Marginal da Areia Preta,巷,Travessa,,,,,,,,,,,
菜園涌邊巷,,Travessa Marginal do Canal das Hortas,巷,Travessa,,,,,,,,,,,
林茂海邊巷,,Travessa Marginal do Lam Mau,巷,Travessa,,,,,,,,,,,
南灣北巷,,Travessa Norte da Praia Grande,巷,Travessa,,,澳門,,,,,,,,
大炮台北巷,,Travessa Norte do Monte,巷,Travessa,,,澳門,,,,,,,,
沙梨頭北巷,,Travessa Norte do Patane,巷,Travessa,,,澳門,,,,,,,,
新巷,,Travessa Nova,巷,Travessa,,,氹仔,,,,,,,,
黑沙環新巷,,Travessa Nova da Areia Preta,巷,Travessa,,,,,,,,,,,
叢慶四巷,,Travessa Quarta do Pátio do Jardim,巷,Travessa,,,,,,,,,,,
叢慶二巷,,Travessa Segunda do Pátio do Jardim,巷,Travessa,,,,,,,,,,,
南灣南巷,,Travessa Sul da Praia Grande,巷,Travessa,,,澳門,,,,,,,,
南灣南巷,,Travessa Sul da Praia Grande,巷,Travessa,,,,,,,,,,,
叢慶三巷,,Travessa Terceira do Pátio do Jardim,巷,Travessa,,,,,,,,,,,
龍爪角第三巷,,Travessa Três de Long Chao Kok,巷,Travessa,,,,,,,,,,,
工業園三巷,,Travessa Três do Parque Industrial,巷,Travessa,,,澳門,青洲,,,,,,,
台山新城市第一巷,,Travessa Um da Cidade Nova de T'oi Sán,巷,Travessa,,,,,,,,,,,
龍爪角第一巷,,Travessa Um de Long Chao Kok,巷,Travessa,,,路環,,,,,,,,
北安碼頭一巷,,Travessa Um do Cais de Pac On,巷,Travessa,,,,,,,,,,,
工業園一巷,,Travessa Um do Parque Industrial,巷,Travessa,,,澳門,青洲,,,,,,,
水塘步行徑,,Trilha de Caminhada do Reservatório,徑,Trilha,,,,,,,,,,,
黑沙龍爪角海岸徑,,Trilho à Beira-Mar de Long Chao Kok,徑,Trilha,,,,,,,,,,,
大潭山環山徑,,Trilho da Taipa Grande,徑,Trilha,,,,,,,,,,,
小潭山 2000 環山徑,,Trilho da Taipa Pequena 2000,徑,Trilha,,,,,,,,,,,
路環步行徑,,Trilho de Coloane,徑,Trilha,,,,,,,,,,,
黑沙龍爪角家樂徑,,Trilho do Morro de Hác-Sá,徑,Trilha,,,,,,,,,,,
金像步行徑,,Trilho do Óscar,徑,Trilha,,,,,,,,,,,
松山隧道,,Túnel do Monte da Guia,隧道,Túnel,,,,,,,,,,,
澳門大學行人隧道,,Túnel do pedestres para Universidade,隧道,Túnel,,,,,,,,,,,
氹仔隧道,,Túnel do Taipa,隧道,Túnel,,,,,,,,,,,
澳大河底隧道,,Túnel para o Novo Campus da Universidade de Macau,隧道,Túnel,,,,,,,,,,,
望德聖母灣大馬路步行系統,,Ligação Pedonal na Estrada da Baía de Nossa Senhora de Esperança,,,,,,,,,,,,,
氹仔基馬拉斯大馬路空中走廊,,Obra de construção da travessia pedonal ao longo da Avenida de Guimarães na Taipa,,,,,,,,,,,,,
路環東北步行徑系統,,Rede de Trilhos do Nordeste de Coloane,,,,,,,,,,,,,
西灣大橋下層車道,,Tabuleiro Inferior da Ponte de Sai Van,,,,,,,,,,,,,
百老匯大街,,The Broadway,,,,商業,,,,,,,,,
路氹連貫公路圓形地下層行車道,,Via de Circulação Desnivelada na Rotunda do Istmo Coloane-Taipa,,,,,,,,,,,,,
新雅馬路行車天橋,,Viaduto da Estrada da Bela Vista,,,,,,,,,,,,,
